-- phpMyAdmin SQL Dump
-- version 
-- http://www.phpmyadmin.net
--
-- Host: localhost
-- Generation Time: Sep 18, 2013 at 01:31 PM
-- Server version: 5.5.32-percona-sure1-log
-- PHP Version: 5.3.26

SET SQL_MODE="NO_AUTO_VALUE_ON_ZERO";
SET time_zone = "+00:00";

--
-- Database: `cds`
--

-- --------------------------------------------------------

--
-- Table structure for table `component`
--

CREATE TABLE IF NOT EXISTS `component` (
  `id` int(11) NOT NULL AUTO_INCREMENT,
  `class` varchar(100) NOT NULL,
  `template_id` int(4) NOT NULL DEFAULT '0',
  `content` longtext NOT NULL,
  `style` text NOT NULL,
  `date_created` datetime NOT NULL,
  `last_modified` datetime NOT NULL,
  `description` text NOT NULL,
  `detail_url` text,
  PRIMARY KEY (`id`),
  KEY `date_created` (`date_created`,`last_modified`)
) ENGINE=InnoDB  DEFAULT CHARSET=latin1 AUTO_INCREMENT=55 ;

--
-- Dumping data for table `component`
--

INSERT INTO `component` (`id`, `class`, `template_id`, `content`, `style`, `date_created`, `last_modified`, `description`, `detail_url`) VALUES
(0, 'component', 0, '"<h2>Christine Wambui, MA Music<\\/h2>\\n<p>Voice, Piano, African Percussion<\\/p>\\n<h2>Corrine Towett, BMus, DipABRSM<\\/h2>\\n<p>Piano (Classical and Jazz), Voice, Violin, Guitar<\\/p>\\n<h2>Cynthia Mungai, BMus, DipABRSM<\\/h2>\\n<p>Piano, Violin<\\/p>\\n<h2>George Mwangi<\\/h2>\\n<p>Guitar, Saxophone, Clarinet<\\/p>\\n<h2>Hannah Mbeche<\\/h2>\\n<p>Piano, Voice, Music Theory<\\/p>\\n<h2>Manasseh Uzele<\\/h2>\\n<p>Guitar (Classical, Acoustic and Bass), Double Bass<\\/p>\\n<h2>Michael Olatunji, BMus<\\/h2>\\n<p>Saxophone, Clarinet, Flute, Jazz Theory<\\/p>\\n<h2>John Torome<\\/h2>\\n<p>Guitar, Music Theory<\\/p>\\n<h2>Catherine Karuri<\\/h2>\\n<p>Double bass, Cello<\\/p>\\n<h2>Geoffrey Mukoto, LRSM<\\/h2>\\n<p>Piano, Voice, Music Composition, Music Theory<\\/p>\\n<h2>Wangu Mutuku<\\/h2>\\n<p>Piano, Violin<\\/p>\\n<h2>Semu Abwolikiyonga, MA Music<\\/h2>\\n<p>Piano, Saxophone, Clarinet, Music Theory and Aurals<\\/p>\\n<h2>Mercy Wambugu<\\/h2>\\n<p>Piano, Voice<\\/p>\\n<h2>Christine Kamau<\\/h2>\\n<p>Piano, Saxophone, Trumpet<\\/p>\\n<h2>Jacinta Mulaku, DipABRSM<\\/h2>\\n<p>Piano, Voice, Flute<\\/p>\\n<h2>Nancy Day, MEd. Music, DipABRSM<\\/h2>\\n<p>Voice, Piano, Music Composition, Music Theory<\\/p>\\n<h2>Sarah Shitandi, MA Music<\\/h2>\\n<p>Voice, Piano, Flute<\\/p>\\n<h2>Wandiri Karimi<\\/h2>\\n<p>Guitar<\\/p>\\n<h2>Charles Kimenyi<\\/h2>\\n<p>Guitar, Drum kit, Piano, Cello, Ensembles<\\/p>\\n<h2>Nyakio Munyinyi, BMus<\\/h2>\\n<p>Drum kit, Recorder, Piano<\\/p>\\n<h2>Dan Mwai<\\/h2>\\n<p>Piano, Violin<\\/p>\\n<h2>Simon Kariuki<\\/h2>\\n<p>Piano, Cello<\\/p>\\n<h2>Joseph Chege<\\/h2>\\n<p>Piano, Trombone<\\/p>\\n<h2>Eliazaro Otieno<\\/h2>\\n<p>Piano<\\/p>"', '', '2012-11-29 06:35:09', '2012-11-29 06:35:09', 'Teaching staff and faculty', NULL),
(1, 'content event', 0, '"<h1 class=\\"event_title\\">Easter Concert Mozart''s Requiem<\\/h1>\\r\\n\\t<img class=\\"center\\" src=\\"\\/images\\/events\\/mozart_requiem-24-3-13.jpg\\" alt=\\"Mozart''s Requiem Concert\\"\\/>\\r\\n\\t<p><div class=\\"event_tvt\\">\\r\\n\\t\\t<h2>DATE & TIME:<\\/h2>\\r\\n\\t\\t<h3>Sunday March 24<sup>th<\\/sup>, 2013 at 3:30 pm<\\/h3>\\t\\t\\r\\n\\t\\t<h2>VENUE:<\\/h2><h3>St. Paul''s Chapel, State House Road<\\/h3>\\r\\n\\t\\t<h2>ENTRY:<\\/h2><h3>Free<\\/h3>\\r\\n\\t<\\/div><br \\/>\\r\\n\\r\\n<p>Kindly direct all queries to Everlyne on:<\\/p>\\r\\n<p>programmes@conservatoire.co.ke<\\/p>\\r\\n<p>0720 962 288 \\/ 0737 227 903<\\/p><\\/p>"', '', '2012-11-28 19:50:38', '2013-03-19 20:06:01', 'Mozart''s Requiem', 'calendar/mozart_requiem/2013-03-24_15:30:00'),
(2, 'intro component', 0, '"<p>\\r\\n\\tThe Kenya Conservatoire of Music exists to promote the teaching and performance of quality music of all styles in Kenya. Equipped with a teaching staff of 35 highly qualified and committed individuals, both native and expatriate, the Conservatoire''s main focus is to ensure that every interested individual has an opportunity to experience the benefits of learning to play\\/sing music at an affordable cost.  The Conservatoire ensures that the students not only receive first-class, quality training in music, but more importantly that they enjoy the practice and challenges of making music. The lessons are given both at the main branch at  the Kenya Cultural Centre, at a Satellite Branch at the Go Down Arts Centre and in various schools that some of the teachers visit weekly. Every year, training is offered  to an average of 400 students.<\\/p>\\r\\n\\t\\t<p>In terms of assessment, the Conservatoire has introduced a number of Diploma options for selected subjects such as Conducting, Teaching and Performance. In addition, the Conservatoire is the Kenyan representative for the Practical Examinations of the Associated Board of the Royal Schools of Music (ABRSM). The Director of The Conservatoire oversees the administration of all practical examinations. Over 1500 candidates enroll for these international examinations in various instruments each year.<\\/p>\\r\\n\\t\\t<p>The Conservatoire is a non-profit making institution with no religious or political affiliation.<\\/p>"', '', '2012-11-28 19:31:29', '2012-11-28 19:31:29', '', NULL),
(3, 'component', 0, '"<nav id=\\"contact_us\\"><h1>Office Hours<\\/h1><ul id=\\"contacts\\"><li id=\\"address\\"><h2>During the School Term<\\/h2><ul><li>Monday to Friday - 9.00am to 4.30pm<\\/li><li>Saturday - 9.00am to 11.00am<\\/li><\\/ul><\\/li><li id=\\"address\\"><h2>During School Holidays<\\/h2><ul><li>Monday to Friday - 9.00am to 1.00pm<\\/li><\\/ul><\\/li><li id=\\"address\\"><h2>Sundays and during Public Holidays<\\/h2><ul><li>Closed<\\/li><\\/ul><\\/li><\\/ul>\\r\\n\\t\\t\\t<h1>Contact Us<\\/h1>\\r\\n\\t\\t\\t<ul id=\\"contacts\\">\\r\\n\\t\\t\\t\\t<li id=\\"address\\"><h2><img src=\\"\\/images\\/system\\/icons\\/email.png\\" \\/>Address<\\/h2>\\r\\n\\t\\t\\t\\t\\t<ul>\\r\\n\\t\\t\\t\\t\\t\\t<li>The Kenya Conservatoire of Music<\\/li>\\r\\n\\t\\t\\t\\t\\t\\t<li>Kenya Cultural Centre<\\/li>\\r\\n\\t\\t\\t\\t\\t\\t<li>P.O. Box 41343 - 00100<\\/li>\\r\\n\\t\\t\\t\\t\\t\\t<li>Nairobi, Kenya<\\/li>\\r\\n\\t\\t\\t\\t\\t<\\/ul>\\r\\n\\t\\t\\t\\t<\\/li>\\r\\n\\t\\t\\t\\t<li id=\\"numbers\\"><h2><img src=\\"\\/images\\/system\\/icons\\/telephone.png\\" \\/>Telephone<\\/h2>\\r\\n\\t\\t\\t\\t\\t<ul>\\r\\n\\t\\t\\t\\t\\t\\t<li>+254 (0)720 962 288 <\\/li>\\r\\n\\t\\t\\t\\t\\t\\t<li> +254 (0)737 22 79 03 <\\/li>\\r\\n\\t\\t\\t\\t\\t<\\/ul>\\r\\n\\t\\t\\t\\t<\\/li>\\r\\n\\t\\t\\t    <li id=\\"emails\\"><h2><img src=\\"\\/images\\/system\\/icons\\/address.png\\" \\/>E-Mail Addresses<\\/h2>\\r\\n\\t\\t\\t\\t\\t<ul>\\r\\n\\t\\t\\t\\t\\t\\t<li>info@conservatoire.co.ke<\\/li>\\r\\n\\t\\t\\t\\t\\t\\t<li>programmes@conservatoire.co.ke<\\/li>\\t\\t\\t\\t\\t\\t\\r\\n\\t\\t\\t\\t\\t<\\/ul>\\r\\n\\t\\t\\t\\t<\\/li>\\r\\n\\t\\t\\t<\\/ul>\\r\\n\\t\\t<\\/nav>"', '', '0000-00-00 00:00:00', '0000-00-00 00:00:00', '', NULL),
(4, 'component', 0, '"<h1>The KCM Orchestra<\\/h1>\\r\\n<img src=\\"\\/images\\/content\\/kcm_orchestra.jpg\\" alt=\\"The Kenya Conservatoire of Music Orchestra\\"\\/>\\r\\n<p>The Kenya Conservatoire of Music Orchestra is the highlight of Conservatoire concerts and is on great demand at corporate and social functions.<\\/p>\\r\\n<p>The orchestra comprises mainly students of all ages and abilities together with staff members. It performs in at least four Conservatoire concerts each year and also makes a tour every year to one or more towns in Kenya or even outside the country. We have played in Diani, Mombasa, Kampala and Dar-e-salaam. The Conservatoire also boasts of forming the first all Kenyan string quartet. We also have a junior orchestra and a jazz ensemble.<\\/p>\\r\\n<p>The Orchestra is available for hire to perform at various events such as weddings, corporate functions and other ceremonies. Please call The Kenya Conservatoire of Music to make a formal booking for either the whole or part of the orchestra.<\\/p>"', '', '0000-00-00 00:00:00', '0000-00-00 00:00:00', '', NULL),
(6, 'component under-construction', 0, '"<img src=\\"\\/images\\/system\\/composing.jpg\\">\\r\\n\\t<span class=\\"construction_text\\">\\r\\n\\t\\t<p>still under <br\\/>composition!<\\/p>\\r\\n\\t<\\/span>"', '', '0000-00-00 00:00:00', '0000-00-00 00:00:00', '', NULL),
(7, 'content', 0, '"<h1>Plucked Strings<\\/h1><h2>Guitar<\\/h2><p>click here for more details about the <a href=\\"http://www.conservatoire.co.ke/academics/departments/string/plucked\\">guitar<\\/a><\\/p><p>The Department of String Instruments offers individual tuition as well as group tuition as detailed below:<\\/p>\\r\\n<H1> INDIVIDUAL TUITION OPTIONS<\\/H1>\\r\\n<ul class=\\"bullets\\"><li>Violin<\\/li>\\r\\n<li>Viola<\\/li>\\r\\n<li>Cello<\\/li>\\r\\n<li>Double Bass<\\/li>\\r\\n<li>Harp (Starting Soon!) <\\/li>\\r\\n<li>Classical Guitar<\\/li>\\r\\n<li>Electric Guitar<\\/li>\\r\\n<li>Bass Guitar<\\/li><\\/ul>\\r\\n<p>Fees for Individual Tuition: <a target=\\"blank()\\" href=\\"\\/academics\\/fee_schedule\\">Click Here<\\/a><\\/p>\\r\\n<H1>GROUP TUITION OPTIONS<\\/H1>\\r\\n\\r\\n<p>Group Violin A: For Beginning Students<\\/p>\\r\\n<p>Group Violin B: For Intermediate Students<\\/p>\\r\\n<p>Group Violin C: For Semi-Advanced Students<\\/p>\\r\\n<br \\/>\\r\\n<p>Group Guitar A: For Beginning Students<\\/p>\\r\\n<p>Group Guitar B: For Intermediate Students<\\/p>\\r\\n<p>Group Guitar C: For Semi-Advanced Students<\\/p><br \\/>\\r\\n\\r\\n<p>Fees for Group Tuition Option: Ksh. 500\\/- per hour. <\\/p>\\r\\n<p>Sessions will commence once a minimum of 4 participants have registered. The Courses will carry on for 12 sessions after which participants receive a report and certificate of completion. The certificate will only be awarded to participants who have completed the 12 sessions. <\\/p>\\r\\n"', '', '2013-03-07 18:00:00', '2013-03-07 19:00:00', '', NULL),
(8, 'content', 0, '"<h1>The Year 2012<\\/h1>\\r\\n<h2>March<\\/h2>\\r\\n<p><strong>1<sup>st<\\/sup><\\/strong> <span class=\\"tabbed\\">ABRSM Theory Exam<\\/span><\\/p>\\r\\n<p><strong>25<sup>th<\\/sup><\\/strong><span class=\\"tabbed\\">End of Term Concert at Alliance Francaise<\\/span><\\/p>\\r\\n<h2>April<\\/h2>\\t\\r\\n<p><strong>10<sup>th<\\/sup> - 13<sup>th<\\/sup><\\/strong><span class=\\"tabbed\\"> Workshops and Auditions for the Musical<\\/span><\\/p>\\r\\n<p><strong>17<sup>th<\\/sup><\\/strong><span class=\\"tabbed\\">Jazz workshop facilitated by Davey Yarborough<\\/span><\\/p>\\r\\n<h2>May<\\/h2>\\t\\r\\n<p>ABRSM Practical Exams<\\/p>\\r\\n<h2>June<\\/h2>\\t\\r\\n<p>ABRSM Practical Exams<\\/p>\\r\\n<p><strong>9<sup>th<\\/sup> - 10<sup>th<\\/sup><\\/strong><span class=\\"tabbed\\"> Singers Of United Lands Workshops and Concert<\\/span><\\/p>\\r\\n<h2>July<\\/h2>\\t\\r\\n<p>ABRSM Practical Exams<\\/p>\\r\\n<p><strong>1<sup>st<\\/sup><\\/strong> <span class=\\"tabbed\\"> Orchestra Concert at the Go Down<\\/span><\\/p>\\r\\n<p><strong>22<sup>nd<\\/sup><\\/strong> <span class=\\"tabbed\\"> End of Term Concert at the Kenya National Theatre<\\/span><\\/p>\\r\\n<p><strong>28<sup>th<\\/sup><\\/strong> <span class=\\"tabbed\\"> Auditions for the Musical<\\/span><\\/p>\\r\\n<p><strong>29<sup>th<\\/sup><\\/strong> <span class=\\"tabbed\\"> Sounds of Praise Concert at the All Saints Cathedral<\\/span><\\/p>\\r\\n<h2>August<\\/h2>\\t\\r\\n<p><strong>2<sup>nd<\\/sup> - 8<sup>th<\\/sup><\\/strong> <span class=\\"tabbed\\">Orchestra Tour to the Coast<\\/span><\\/p>\\r\\n<h2>October<\\/h2>\\t\\r\\n<p><strong>10<sup>th<\\/sup><\\/strong><span class=\\"tabbed\\"> ABRSM Theory Exam<\\/span><\\/p>\\r\\n<p><strong>11<sup>th<\\/sup><\\/strong> <span class=\\"tabbed\\">Acoustic Alchemy Concert at the Kenya National Theatre<\\/span><\\/p>\\r\\n<h2>November<\\/h2>\\t\\r\\n<p><strong>3<sup>rd<\\/sup><\\/strong> <span class=\\"tabbed\\">Classics at the Go Down Concert<\\/span><\\/p>\\r\\n<h2>December<\\/h2>\\t\\r\\n<p><strong>14<sup>th<\\/sup> - 16<sup>th<\\/sup><\\/strong> <span class=\\"tabbed\\">Seventeen, The Musical at the Kenya National Theatre<\\/span><\\/p>"', '', '2013-03-08 03:00:00', '2013-03-08 05:00:00', '', NULL),
(9, 'content', 0, '"<h2>How do I join?<\\/h2><p>To join, visit us at our main premises at the Kenya Cultural Centre on Harry Thuku Road opposite The Norfolk Hotel. You will fill in an application form and be assigned a teacher depending on your instrument of choice and your available times.<\\/p>\\r\\n <h2>Does the Conservatoire assess my performance in anyway?<\\/h2><p>The Conservatoire is the representative for the ABRSM examinations in Kenya. The Director of The Conservatoire oversees the administration of all practical examinations. Over 1500 candidates enroll for these international examinations in various instruments each year.<\\/p>\\r\\n<p>The Conservatoire does not offer its own assessment and accreditation. Assessment is quite individual because different students progress at different rates. The ABRSM examinations however provide an internationally recognized certificate for successful candidates. Before enrolling for any examination the student must be given the go-ahead by his teacher.<\\/p>\\r\\n<p>There are 8 Grade levels for each instrument after which one can sit the ABRSM Diploma. Each grade takes about a year to prepare for the average student.<\\/p>\\r\\n<p>For more information on ABRSM please visit their website <a href=\\"www.abrsm.org\\">www.abrsm.org<\\/a>.<\\/p>\\r\\n<h2>How long does\\/will it take me to learn my instrument?<\\/h2>\\r\\n<p>The study of an instrument is best thought of as a journey not a destination. It takes at least ten years to master an instrument. In the meantime however you are still playing and enjoying yourself, just that the level of difficulty keeps increasing. Within 5 years, one usually has a good grasp of the instrument.<\\/p>\\r\\n<p>The rate of progress is also mostly dependent on several other factors: the age at which one begins to learn, how much one practices and the natural ability of the person.<\\/p>\\r\\n<h2>Do I need to have lessons everyday?<\\/h2>\\r\\n<p>It is never necessary to have a lesson everyday. It is best to meet the teacher once a week or at most 2 times and spend the rest of the week practicing on your own.<\\/p>\\r\\n<h2>How long will I need to practice everyday?<\\/h2>\\r\\n<p>The amount of practice time can vary from 25 minutes to 3 hours! It depends on the age of the student, the level they have already attained, the amount of time they can devote to personal practice and their natural aptitude. One should aim to practice at least 5 days a week. Children will usually not need nor benefit from more than 25 minutes a day.<\\/p>\\r\\n<h2>What happens if I can''t make it to my lesson?<\\/h2>\\r\\n<p>When one registers for lessons, they enter into a binding agreement with the school and the teacher. Lessons missed by non attendance are not made up unless the cancellation was for a reason that the school considers adequate and unless the cancellation was done at least 24 hours to the lesson. For lessons missed for a good reason, the teacher will make up a maximum of 2 lessons per term and the student will be charged for any other.<\\/p>\\r\\n<h2>Can I have lessons in the school holiday?<\\/h2>\\r\\n<p>It is possible to have lessons when The Conservatoire is on its official holidays. One only needs to consult with the teacher and to pay for the holiday lessons in advance.<\\/p>\\r\\n<h2>Do I sit for examinations?<\\/h2>\\r\\n<p>Because of the individual nature of the skill, we do not offer standardized examinations. We do however facilitate the Associated Board of the Royal Schools of Music examinations in Kenya. These are entered voluntarily by the student and have 8 grade levels before one can attempt the ABRSM diploma.<\\/p>"', '', '0000-00-00 00:00:00', '0000-00-00 00:00:00', '', NULL),
(10, 'events component', 6, '{"deEvents":"~ No Event Today ~"}', '', '0000-00-00 00:00:00', '0000-00-00 00:00:00', '', NULL);
INSERT INTO `component` (`id`, `class`, `template_id`, `content`, `style`, `date_created`, `last_modified`, `description`, `detail_url`) VALUES
(11, 'component', 7, '{"artTitle":"Music Books Price List","artTime":"2013-07-04 10:00:00","artAuthorAnchor":"Timothy Muritu","artParagraph":"<p>The Kenya Conservatoire of Music is pleased to announce that exam pieces and other music books are available for sale at the main office. Below is a price list for your personal reference.<\\/p><table style=\\"width: 494px;\\" border=\\"0\\" cellspacing=\\"0\\" cellpadding=\\"0\\"><colgroup><col style=\\"mso-width-source: userset; mso-width-alt: 13385; width: 275pt;\\" width=\\"366\\" \\/> <col style=\\"width: 48pt;\\" span=\\"2\\" width=\\"64\\" \\/> <\\/colgroup>\\r\\n<tbody>\\r\\n<tr style=\\"height: 15.0pt;\\">\\r\\n<td class=\\"xl63\\" style=\\"height: 15.0pt; width: 275pt;\\" width=\\"366\\" height=\\"20\\"><strong>DESCRIPTION<\\/strong><\\/td>\\r\\n<td class=\\"xl64\\" style=\\"border-left: none; width: 48pt;\\" width=\\"64\\"><strong>GRADE<\\/strong><\\/td>\\r\\n<td class=\\"xl63\\" style=\\"border-left: none; width: 48pt;\\" width=\\"64\\"><strong>PRICE<\\/strong><\\/td>\\r\\n<\\/tr>\\r\\n<tr style=\\"height: 15.0pt;\\">\\r\\n<td class=\\"xl65\\" style=\\"height: 15.0pt; border-top: none;\\" height=\\"20\\">NEW PIANO EXAM PIECES (2013-2014)<\\/td>\\r\\n<td class=\\"xl66\\" style=\\"border-top: none; border-left: none;\\">1<\\/td>\\r\\n<td class=\\"xl67\\" style=\\"border-top: none; border-left: none;\\">700\\/-<\\/td>\\r\\n<\\/tr>\\r\\n<tr style=\\"height: 15.0pt;\\">\\r\\n<td class=\\"xl65\\" style=\\"height: 15.0pt; border-top: none;\\" height=\\"20\\">NEW PIANO EXAM PIECES (2013-2014)<\\/td>\\r\\n<td class=\\"xl66\\" style=\\"border-top: none; border-left: none;\\">2<\\/td>\\r\\n<td class=\\"xl67\\" style=\\"border-top: none; border-left: none;\\">750\\/-<\\/td>\\r\\n<\\/tr>\\r\\n<tr style=\\"height: 15.0pt;\\">\\r\\n<td class=\\"xl65\\" style=\\"height: 15.0pt; border-top: none;\\" height=\\"20\\">NEW PIANO EXAM PIECES (2013-2014)<\\/td>\\r\\n<td class=\\"xl66\\" style=\\"border-top: none; border-left: none;\\">3<\\/td>\\r\\n<td class=\\"xl67\\" style=\\"border-top: none; border-left: none;\\">800\\/-<\\/td>\\r\\n<\\/tr>\\r\\n<tr style=\\"height: 15.0pt;\\">\\r\\n<td class=\\"xl65\\" style=\\"height: 15.0pt; border-top: none;\\" height=\\"20\\">NEW PIANO EXAM PIECES (2013-2014)<\\/td>\\r\\n<td class=\\"xl66\\" style=\\"border-top: none; border-left: none;\\">4<\\/td>\\r\\n<td class=\\"xl67\\" style=\\"border-top: none; border-left: none;\\">900\\/-<\\/td>\\r\\n<\\/tr>\\r\\n<tr style=\\"height: 15.0pt;\\">\\r\\n<td class=\\"xl65\\" style=\\"height: 15.0pt; border-top: none;\\" height=\\"20\\">NEW PIANO EXAM PIECES (2013-2014)<\\/td>\\r\\n<td class=\\"xl66\\" style=\\"border-top: none; border-left: none;\\">5<\\/td>\\r\\n<td class=\\"xl67\\" style=\\"border-top: none; border-left: none;\\">950\\/-<\\/td>\\r\\n<\\/tr>\\r\\n<tr style=\\"height: 15.0pt;\\">\\r\\n<td class=\\"xl65\\" style=\\"height: 15.0pt; border-top: none;\\" height=\\"20\\">NEW PIANO EXAM PIECES (2013-2014)<\\/td>\\r\\n<td class=\\"xl66\\" style=\\"border-top: none; border-left: none;\\">6<\\/td>\\r\\n<td class=\\"xl67\\" style=\\"border-top: none; border-left: none;\\">1050\\/-<\\/td>\\r\\n<\\/tr>\\r\\n<tr style=\\"height: 15.0pt;\\">\\r\\n<td class=\\"xl65\\" style=\\"height: 15.0pt; border-top: none;\\" height=\\"20\\">NEW PIANO EXAM PIECES (2013-2014)<\\/td>\\r\\n<td class=\\"xl66\\" style=\\"border-top: none; border-left: none;\\">7<\\/td>\\r\\n<td class=\\"xl67\\" style=\\"border-top: none; border-left: none;\\">1150\\/-<\\/td>\\r\\n<\\/tr>\\r\\n<tr style=\\"height: 15.0pt;\\">\\r\\n<td class=\\"xl65\\" style=\\"height: 15.0pt; border-top: none;\\" height=\\"20\\">NEW PIANO EXAM PIECES (2013- 2014)<\\/td>\\r\\n<td class=\\"xl66\\" style=\\"border-top: none; border-left: none;\\">8<\\/td>\\r\\n<td class=\\"xl67\\" style=\\"border-top: none; border-left: none;\\">1350\\/-<\\/td>\\r\\n<\\/tr>\\r\\n<tr style=\\"height: 15.0pt;\\">\\r\\n<td class=\\"xl65\\" style=\\"height: 15.0pt; border-top: none;\\" height=\\"20\\">NEW PIANO EXAM PIECES (2013-2014) WITH CD<\\/td>\\r\\n<td class=\\"xl66\\" style=\\"border-top: none; border-left: none;\\">1<\\/td>\\r\\n<td class=\\"xl67\\" style=\\"border-top: none; border-left: none;\\">1400\\/-<\\/td>\\r\\n<\\/tr>\\r\\n<tr style=\\"height: 15.0pt;\\">\\r\\n<td class=\\"xl65\\" style=\\"height: 15.0pt; border-top: none;\\" height=\\"20\\">NEW PIANO EXAM PIECES (2013-2014) WITH CD<\\/td>\\r\\n<td class=\\"xl66\\" style=\\"border-top: none; border-left: none;\\">2<\\/td>\\r\\n<td class=\\"xl67\\" style=\\"border-top: none; border-left: none;\\">1550\\/-<\\/td>\\r\\n<\\/tr>\\r\\n<tr style=\\"height: 15.0pt;\\">\\r\\n<td class=\\"xl65\\" style=\\"height: 15.0pt; border-top: none;\\" height=\\"20\\">NEW PIANO EXAM PIECES (2013-2014) WITH CD<\\/td>\\r\\n<td class=\\"xl66\\" style=\\"border-top: none; border-left: none;\\">3<\\/td>\\r\\n<td class=\\"xl67\\" style=\\"border-top: none; border-left: none;\\">1800\\/-<\\/td>\\r\\n<\\/tr>\\r\\n<tr style=\\"height: 15.0pt;\\">\\r\\n<td class=\\"xl65\\" style=\\"height: 15.0pt; border-top: none;\\" height=\\"20\\">NEW PIANO EXAM PIECES (2013-2014) WITH CD<\\/td>\\r\\n<td class=\\"xl66\\" style=\\"border-top: none; border-left: none;\\">4<\\/td>\\r\\n<td class=\\"xl67\\" style=\\"border-top: none; border-left: none;\\">2050\\/-<\\/td>\\r\\n<\\/tr>\\r\\n<tr style=\\"height: 15.0pt;\\">\\r\\n<td class=\\"xl65\\" style=\\"height: 15.0pt; border-top: none;\\" height=\\"20\\">NEW PIANO EXAM PIECES (2013-2014) WITH CD<\\/td>\\r\\n<td class=\\"xl66\\" style=\\"border-top: none; border-left: none;\\">5<\\/td>\\r\\n<td class=\\"xl67\\" style=\\"border-top: none; border-left: none;\\">2300\\/-<\\/td>\\r\\n<\\/tr>\\r\\n<tr style=\\"height: 15.0pt;\\">\\r\\n<td class=\\"xl65\\" style=\\"height: 15.0pt; border-top: none;\\" height=\\"20\\">NEW PIANO EXAM PIECES (2013-2014) WITH CD<\\/td>\\r\\n<td class=\\"xl66\\" style=\\"border-top: none; border-left: none;\\">6<\\/td>\\r\\n<td class=\\"xl67\\" style=\\"border-top: none; border-left: none;\\">2600\\/-<\\/td>\\r\\n<\\/tr>\\r\\n<tr style=\\"height: 15.0pt;\\">\\r\\n<td class=\\"xl65\\" style=\\"height: 15.0pt; border-top: none;\\" height=\\"20\\">PIANO SCALES, ARPEGGIOS &amp; BROKEN CHORDS<\\/td>\\r\\n<td class=\\"xl66\\" style=\\"border-top: none; border-left: none;\\">1<\\/td>\\r\\n<td class=\\"xl67\\" style=\\"border-top: none; border-left: none;\\">500\\/-<\\/td>\\r\\n<\\/tr>\\r\\n<tr style=\\"height: 15.0pt;\\">\\r\\n<td class=\\"xl65\\" style=\\"height: 15.0pt; border-top: none;\\" height=\\"20\\">PIANO SCALES, ARPEGGIOS &amp; BROKEN CHORDS<\\/td>\\r\\n<td class=\\"xl66\\" style=\\"border-top: none; border-left: none;\\">2<\\/td>\\r\\n<td class=\\"xl67\\" style=\\"border-top: none; border-left: none;\\">550\\/-<\\/td>\\r\\n<\\/tr>\\r\\n<tr style=\\"height: 15.0pt;\\">\\r\\n<td class=\\"xl65\\" style=\\"height: 15.0pt; border-top: none;\\" height=\\"20\\">PIANO SCALES, ARPEGGIOS &amp; BROKEN CHORDS<\\/td>\\r\\n<td class=\\"xl66\\" style=\\"border-top: none; border-left: none;\\">3<\\/td>\\r\\n<td class=\\"xl67\\" style=\\"border-top: none; border-left: none;\\">600\\/-<\\/td>\\r\\n<\\/tr>\\r\\n<tr style=\\"height: 15.0pt;\\">\\r\\n<td class=\\"xl65\\" style=\\"height: 15.0pt; border-top: none;\\" height=\\"20\\">PIANO SCALES, ARPEGGIOS &amp; BROKEN CHORDS<\\/td>\\r\\n<td class=\\"xl66\\" style=\\"border-top: none; border-left: none;\\">4<\\/td>\\r\\n<td class=\\"xl67\\" style=\\"border-top: none; border-left: none;\\">650\\/-<\\/td>\\r\\n<\\/tr>\\r\\n<tr style=\\"height: 15.0pt;\\">\\r\\n<td class=\\"xl65\\" style=\\"height: 15.0pt; border-top: none;\\" height=\\"20\\">PIANO SCALES, ARPEGGIOS &amp; BROKEN CHORDS<\\/td>\\r\\n<td class=\\"xl66\\" style=\\"border-top: none; border-left: none;\\">5<\\/td>\\r\\n<td class=\\"xl67\\" style=\\"border-top: none; border-left: none;\\">700\\/-<\\/td>\\r\\n<\\/tr>\\r\\n<tr style=\\"height: 15.0pt;\\">\\r\\n<td class=\\"xl65\\" style=\\"height: 15.0pt; border-top: none;\\" height=\\"20\\">PIANO SCALES, ARPEGGIOS &amp; BROKEN CHORDS<\\/td>\\r\\n<td class=\\"xl66\\" style=\\"border-top: none; border-left: none;\\">6<\\/td>\\r\\n<td class=\\"xl67\\" style=\\"border-top: none; border-left: none;\\">750\\/-<\\/td>\\r\\n<\\/tr>\\r\\n<tr style=\\"height: 15.0pt;\\">\\r\\n<td class=\\"xl65\\" style=\\"height: 15.0pt; border-top: none;\\" height=\\"20\\">PIANO SCALES, ARPEGGIOS &amp; BROKEN CHORDS<\\/td>\\r\\n<td class=\\"xl66\\" style=\\"border-top: none; border-left: none;\\">7<\\/td>\\r\\n<td class=\\"xl67\\" style=\\"border-top: none; border-left: none;\\">800\\/-<\\/td>\\r\\n<\\/tr>\\r\\n<tr style=\\"height: 15.0pt;\\">\\r\\n<td class=\\"xl65\\" style=\\"height: 15.0pt; border-top: none;\\" height=\\"20\\">PIANO SCALES, ARPEGGIOS &amp; BROKEN CHORDS<\\/td>\\r\\n<td class=\\"xl66\\" style=\\"border-top: none; border-left: none;\\">8<\\/td>\\r\\n<td class=\\"xl67\\" style=\\"border-top: none; border-left: none;\\">850\\/-<\\/td>\\r\\n<\\/tr>\\r\\n<tr style=\\"height: 15.0pt;\\">\\r\\n<td class=\\"xl65\\" style=\\"height: 15.0pt; border-top: none;\\" height=\\"20\\">PIANO SPECIMEN SIGHT-READING TESTS<\\/td>\\r\\n<td class=\\"xl66\\" style=\\"border-top: none; border-left: none;\\">1<\\/td>\\r\\n<td class=\\"xl67\\" style=\\"border-top: none; border-left: none;\\">500\\/-<\\/td>\\r\\n<\\/tr>\\r\\n<tr style=\\"height: 15.0pt;\\">\\r\\n<td class=\\"xl65\\" style=\\"height: 15.0pt; border-top: none;\\" height=\\"20\\">PIANO SPECIMEN SIGHT-READING TESTS<\\/td>\\r\\n<td class=\\"xl66\\" style=\\"border-top: none; border-left: none;\\">2<\\/td>\\r\\n<td class=\\"xl67\\" style=\\"border-top: none; border-left: none;\\">550\\/-<\\/td>\\r\\n<\\/tr>\\r\\n<tr style=\\"height: 15.0pt;\\">\\r\\n<td class=\\"xl65\\" style=\\"height: 15.0pt; border-top: none;\\" height=\\"20\\">PIANO SPECIMEN SIGHT-READING TESTS<\\/td>\\r\\n<td class=\\"xl66\\" style=\\"border-top: none; border-left: none;\\">3<\\/td>\\r\\n<td class=\\"xl67\\" style=\\"border-top: none; border-left: none;\\">600\\/-<\\/td>\\r\\n<\\/tr>\\r\\n<tr style=\\"height: 15.0pt;\\">\\r\\n<td class=\\"xl65\\" style=\\"height: 15.0pt; border-top: none;\\" height=\\"20\\">PIANO SPECIMEN SIGHT-READING TESTS<\\/td>\\r\\n<td class=\\"xl66\\" style=\\"border-top: none; border-left: none;\\">4<\\/td>\\r\\n<td class=\\"xl67\\" style=\\"border-top: none; border-left: none;\\">650\\/-<\\/td>\\r\\n<\\/tr>\\r\\n<tr style=\\"height: 15.0pt;\\">\\r\\n<td class=\\"xl65\\" style=\\"height: 15.0pt; border-top: none;\\" height=\\"20\\">PIANO SPECIMEN SIGHT-READING TESTS<\\/td>\\r\\n<td class=\\"xl66\\" style=\\"border-top: none; border-left: none;\\">5<\\/td>\\r\\n<td class=\\"xl67\\" style=\\"border-top: none; border-left: none;\\">700\\/-<\\/td>\\r\\n<\\/tr>\\r\\n<tr style=\\"height: 15.0pt;\\">\\r\\n<td class=\\"xl65\\" style=\\"height: 15.0pt; border-top: none;\\" height=\\"20\\">PIANO SPECIMEN SIGHT-READING TESTS<\\/td>\\r\\n<td class=\\"xl66\\" style=\\"border-top: none; border-left: none;\\">6<\\/td>\\r\\n<td class=\\"xl67\\" style=\\"border-top: none; border-left: none;\\">750\\/-<\\/td>\\r\\n<\\/tr>\\r\\n<tr style=\\"height: 15.0pt;\\">\\r\\n<td class=\\"xl65\\" style=\\"height: 15.0pt; border-top: none;\\" height=\\"20\\">PIANO SPECIMEN SIGHT-READING TESTS<\\/td>\\r\\n<td class=\\"xl66\\" style=\\"border-top: none; border-left: none;\\">7<\\/td>\\r\\n<td class=\\"xl67\\" style=\\"border-top: none; border-left: none;\\">800\\/-<\\/td>\\r\\n<\\/tr>\\r\\n<tr style=\\"height: 15.0pt;\\">\\r\\n<td class=\\"xl65\\" style=\\"height: 15.0pt; border-top: none;\\" height=\\"20\\">PIANO SPECIMEN SIGHT-READING TESTS<\\/td>\\r\\n<td class=\\"xl66\\" style=\\"border-top: none; border-left: none;\\">8<\\/td>\\r\\n<td class=\\"xl67\\" style=\\"border-top: none; border-left: none;\\">850\\/-<\\/td>\\r\\n<\\/tr>\\r\\n<tr style=\\"height: 15.0pt;\\">\\r\\n<td class=\\"xl65\\" style=\\"height: 15.0pt; border-top: none;\\" height=\\"20\\">SELECTED PIANO EXAM PIECES (2011 - 2012)<\\/td>\\r\\n<td class=\\"xl66\\" style=\\"border-top: none; border-left: none;\\">3<\\/td>\\r\\n<td class=\\"xl67\\" style=\\"border-top: none; border-left: none;\\">750\\/-<\\/td>\\r\\n<\\/tr>\\r\\n<tr style=\\"height: 15.0pt;\\">\\r\\n<td class=\\"xl65\\" style=\\"height: 15.0pt; border-top: none;\\" height=\\"20\\">SELECTED PIANO EXAM PIECES (2011 - 2012)<\\/td>\\r\\n<td class=\\"xl66\\" style=\\"border-top: none; border-left: none;\\">4<\\/td>\\r\\n<td class=\\"xl67\\" style=\\"border-top: none; border-left: none;\\">800\\/-<\\/td>\\r\\n<\\/tr>\\r\\n<tr style=\\"height: 15.0pt;\\">\\r\\n<td class=\\"xl65\\" style=\\"height: 15.0pt; border-top: none;\\" height=\\"20\\">SELECTED PIANO EXAM PIECES (2011 - 2012)<\\/td>\\r\\n<td class=\\"xl66\\" style=\\"border-top: none; border-left: none;\\">5<\\/td>\\r\\n<td class=\\"xl67\\" style=\\"border-top: none; border-left: none;\\">900\\/-<\\/td>\\r\\n<\\/tr>\\r\\n<tr style=\\"height: 15.0pt;\\">\\r\\n<td class=\\"xl65\\" style=\\"height: 15.0pt; border-top: none;\\" height=\\"20\\">PIANO TIME<span style=\\"mso-spacerun: yes;\\">&nbsp;<\\/span><\\/td>\\r\\n<td class=\\"xl66\\" style=\\"border-top: none; border-left: none;\\">1<\\/td>\\r\\n<td class=\\"xl67\\" style=\\"border-top: none; border-left: none;\\">1150\\/-<\\/td>\\r\\n<\\/tr>\\r\\n<tr style=\\"height: 15.0pt;\\">\\r\\n<td class=\\"xl65\\" style=\\"height: 15.0pt; border-top: none;\\" height=\\"20\\">PIANO TIME<span style=\\"mso-spacerun: yes;\\">&nbsp;<\\/span><\\/td>\\r\\n<td class=\\"xl66\\" style=\\"border-top: none; border-left: none;\\">2<\\/td>\\r\\n<td class=\\"xl67\\" style=\\"border-top: none; border-left: none;\\">1150\\/-<\\/td>\\r\\n<\\/tr>\\r\\n<tr style=\\"height: 15.0pt;\\">\\r\\n<td class=\\"xl65\\" style=\\"height: 15.0pt; border-top: none;\\" height=\\"20\\">PIANO TIME<span style=\\"mso-spacerun: yes;\\">&nbsp;<\\/span><\\/td>\\r\\n<td class=\\"xl66\\" style=\\"border-top: none; border-left: none;\\">3<\\/td>\\r\\n<td class=\\"xl67\\" style=\\"border-top: none; border-left: none;\\">1150\\/-<\\/td>\\r\\n<\\/tr>\\r\\n<tr style=\\"height: 15.0pt;\\">\\r\\n<td class=\\"xl65\\" style=\\"height: 15.0pt; border-top: none;\\" height=\\"20\\">PIANO TIME PIECES 1: Easy pieces<\\/td>\\r\\n<td class=\\"xl66\\" style=\\"border-top: none; border-left: none;\\">&nbsp;<\\/td>\\r\\n<td class=\\"xl67\\" style=\\"border-top: none; border-left: none;\\">1100\\/-<\\/td>\\r\\n<\\/tr>\\r\\n<tr style=\\"height: 15.0pt;\\">\\r\\n<td class=\\"xl65\\" style=\\"height: 15.0pt; border-top: none;\\" height=\\"20\\">PIANO TIME PIECES 2: Easy pieces<\\/td>\\r\\n<td class=\\"xl66\\" style=\\"border-top: none; border-left: none;\\">&nbsp;<\\/td>\\r\\n<td class=\\"xl67\\" style=\\"border-top: none; border-left: none;\\">1100\\/-<\\/td>\\r\\n<\\/tr>\\r\\n<tr style=\\"height: 15.0pt;\\">\\r\\n<td class=\\"xl65\\" style=\\"height: 15.0pt; border-top: none;\\" height=\\"20\\">PIANO TIME PIECES 3: Easy pieces<\\/td>\\r\\n<td class=\\"xl66\\" style=\\"border-top: none; border-left: none;\\">&nbsp;<\\/td>\\r\\n<td class=\\"xl67\\" style=\\"border-top: none; border-left: none;\\">1100\\/-<\\/td>\\r\\n<\\/tr>\\r\\n<tr style=\\"height: 15.0pt;\\">\\r\\n<td class=\\"xl65\\" style=\\"height: 15.0pt; border-top: none;\\" height=\\"20\\">PIANOWORKS: A NIGHT AT THE THEATRE:Piano solo<\\/td>\\r\\n<td class=\\"xl66\\" style=\\"border-top: none; border-left: none;\\">&nbsp;<\\/td>\\r\\n<td class=\\"xl67\\" style=\\"border-top: none; border-left: none;\\">1050\\/-<\\/td>\\r\\n<\\/tr>\\r\\n<tr style=\\"height: 15.0pt;\\">\\r\\n<td class=\\"xl65\\" style=\\"height: 15.0pt; border-top: none;\\" height=\\"20\\">FIDDLE TIME RUNNERS + CD<\\/td>\\r\\n<td class=\\"xl66\\" style=\\"border-top: none; border-left: none;\\">&nbsp;<\\/td>\\r\\n<td class=\\"xl67\\" style=\\"border-top: none; border-left: none;\\">1150\\/-<\\/td>\\r\\n<\\/tr>\\r\\n<tr style=\\"height: 15.0pt;\\">\\r\\n<td class=\\"xl65\\" style=\\"height: 15.0pt; border-top: none;\\" height=\\"20\\">FIDDLE TIME SPRINTERS + CD<\\/td>\\r\\n<td class=\\"xl66\\" style=\\"border-top: none; border-left: none;\\">&nbsp;<\\/td>\\r\\n<td class=\\"xl67\\" style=\\"border-top: none; border-left: none;\\">1150\\/-<\\/td>\\r\\n<\\/tr>\\r\\n<tr style=\\"height: 15.0pt;\\">\\r\\n<td class=\\"xl65\\" style=\\"height: 15.0pt; border-top: none;\\" height=\\"20\\">FIDDLE TIME JOGGERS + CD<\\/td>\\r\\n<td class=\\"xl66\\" style=\\"border-top: none; border-left: none;\\">&nbsp;<\\/td>\\r\\n<td class=\\"xl67\\" style=\\"border-top: none; border-left: none;\\">1150\\/-<\\/td>\\r\\n<\\/tr>\\r\\n<tr style=\\"height: 15.0pt;\\">\\r\\n<td class=\\"xl65\\" style=\\"height: 15.0pt; border-top: none;\\" height=\\"20\\">RUNNERS PIANO BOOK<\\/td>\\r\\n<td class=\\"xl66\\" style=\\"border-top: none; border-left: none;\\">&nbsp;<\\/td>\\r\\n<td class=\\"xl67\\" style=\\"border-top: none; border-left: none;\\">1150\\/-<\\/td>\\r\\n<\\/tr>\\r\\n<tr style=\\"height: 15.0pt;\\">\\r\\n<td class=\\"xl65\\" style=\\"height: 15.0pt; border-top: none;\\" height=\\"20\\">TEACHING NOTES ON PIANO EXAM PIECES (2013-2014)<\\/td>\\r\\n<td class=\\"xl66\\" style=\\"border-top: none; border-left: none;\\">1-7<\\/td>\\r\\n<td class=\\"xl67\\" style=\\"border-top: none; border-left: none;\\">1200\\/-<\\/td>\\r\\n<\\/tr>\\r\\n<tr style=\\"height: 15.0pt;\\">\\r\\n<td class=\\"xl65\\" style=\\"height: 15.0pt; border-top: none;\\" height=\\"20\\">ABRSM PRACTICE NOTE BOOK<\\/td>\\r\\n<td class=\\"xl66\\" style=\\"border-top: none; border-left: none;\\">&nbsp;<\\/td>\\r\\n<td class=\\"xl67\\" style=\\"border-top: none; border-left: none;\\">300\\/-<\\/td>\\r\\n<\\/tr>\\r\\n<tr style=\\"height: 15.0pt;\\">\\r\\n<td class=\\"xl65\\" style=\\"height: 15.0pt; border-top: none;\\" height=\\"20\\">PIANO PREP TEST<\\/td>\\r\\n<td class=\\"xl66\\" style=\\"border-top: none; border-left: none;\\">&nbsp;<\\/td>\\r\\n<td class=\\"xl67\\" style=\\"border-top: none; border-left: none;\\">550\\/-<\\/td>\\r\\n<\\/tr>\\r\\n<tr style=\\"height: 15.0pt;\\">\\r\\n<td class=\\"xl65\\" style=\\"height: 15.0pt; border-top: none;\\" height=\\"20\\">PARTY TIME! ON HOLIDAY<\\/td>\\r\\n<td class=\\"xl66\\" style=\\"border-top: none; border-left: none;\\">&nbsp;<\\/td>\\r\\n<td class=\\"xl67\\" style=\\"border-top: none; border-left: none;\\">700\\/-<\\/td>\\r\\n<\\/tr>\\r\\n<tr style=\\"height: 15.0pt;\\">\\r\\n<td class=\\"xl65\\" style=\\"height: 15.0pt; border-top: none;\\" height=\\"20\\">AB GUIDE TO MUSIC THEORY (Part 1)<\\/td>\\r\\n<td class=\\"xl66\\" style=\\"border-top: none; border-left: none;\\">&nbsp;<\\/td>\\r\\n<td class=\\"xl67\\" style=\\"border-top: none; border-left: none;\\">900\\/-<\\/td>\\r\\n<\\/tr>\\r\\n<tr style=\\"height: 15.0pt;\\">\\r\\n<td class=\\"xl65\\" style=\\"height: 15.0pt; border-top: none;\\" height=\\"20\\">AB GUIDE TO MUSIC THEORY (Part 11)<\\/td>\\r\\n<td class=\\"xl66\\" style=\\"border-top: none; border-left: none;\\">&nbsp;<\\/td>\\r\\n<td class=\\"xl67\\" style=\\"border-top: none; border-left: none;\\">1200\\/-<\\/td>\\r\\n<\\/tr>\\r\\n<tr style=\\"height: 15.0pt;\\">\\r\\n<td class=\\"xl65\\" style=\\"height: 15.0pt; border-top: none;\\" height=\\"20\\">FIRST STEPS IN MUSIC THEORY<span style=\\"mso-spacerun: yes;\\">&nbsp;<\\/span><\\/td>\\r\\n<td class=\\"xl66\\" style=\\"border-top: none; border-left: none;\\">1 - 5<\\/td>\\r\\n<td class=\\"xl67\\" style=\\"border-top: none; border-left: none;\\">950\\/-<\\/td>\\r\\n<\\/tr>\\r\\n<tr style=\\"height: 15.0pt;\\">\\r\\n<td class=\\"xl65\\" style=\\"height: 15.0pt; border-top: none;\\" height=\\"20\\">MUSIC THEORY IN PRACTICE<\\/td>\\r\\n<td class=\\"xl66\\" style=\\"border-top: none; border-left: none;\\">1<\\/td>\\r\\n<td class=\\"xl67\\" style=\\"border-top: none; border-left: none;\\">550\\/-<\\/td>\\r\\n<\\/tr>\\r\\n<tr style=\\"height: 15.0pt;\\">\\r\\n<td class=\\"xl65\\" style=\\"height: 15.0pt; border-top: none;\\" height=\\"20\\">MUSIC THEORY IN PRACTICE<\\/td>\\r\\n<td class=\\"xl66\\" style=\\"border-top: none; border-left: none;\\">2<\\/td>\\r\\n<td class=\\"xl67\\" style=\\"border-top: none; border-left: none;\\">600\\/-<\\/td>\\r\\n<\\/tr>\\r\\n<tr style=\\"height: 15.0pt;\\">\\r\\n<td class=\\"xl65\\" style=\\"height: 15.0pt; border-top: none;\\" height=\\"20\\">MUSIC THEORY IN PRACTICE<\\/td>\\r\\n<td class=\\"xl66\\" style=\\"border-top: none; border-left: none;\\">3<\\/td>\\r\\n<td class=\\"xl67\\" style=\\"border-top: none; border-left: none;\\">650\\/-<\\/td>\\r\\n<\\/tr>\\r\\n<tr style=\\"height: 15.0pt;\\">\\r\\n<td class=\\"xl65\\" style=\\"height: 15.0pt; border-top: none;\\" height=\\"20\\">MUSIC THEORY IN PRACTICE<\\/td>\\r\\n<td class=\\"xl66\\" style=\\"border-top: none; border-left: none;\\">4<\\/td>\\r\\n<td class=\\"xl67\\" style=\\"border-top: none; border-left: none;\\">700\\/-<\\/td>\\r\\n<\\/tr>\\r\\n<tr style=\\"height: 15.0pt;\\">\\r\\n<td class=\\"xl65\\" style=\\"height: 15.0pt; border-top: none;\\" height=\\"20\\">MUSIC THEORY IN PRACTICE<\\/td>\\r\\n<td class=\\"xl66\\" style=\\"border-top: none; border-left: none;\\">5<\\/td>\\r\\n<td class=\\"xl67\\" style=\\"border-top: none; border-left: none;\\">750\\/-<\\/td>\\r\\n<\\/tr>\\r\\n<tr style=\\"height: 15.0pt;\\">\\r\\n<td class=\\"xl65\\" style=\\"height: 15.0pt; border-top: none;\\" height=\\"20\\">MUSIC THEORY IN PRACTICE<\\/td>\\r\\n<td class=\\"xl66\\" style=\\"border-top: none; border-left: none;\\">6<\\/td>\\r\\n<td class=\\"xl67\\" style=\\"border-top: none; border-left: none;\\">800\\/-<\\/td>\\r\\n<\\/tr>\\r\\n<tr style=\\"height: 15.0pt;\\">\\r\\n<td class=\\"xl65\\" style=\\"height: 15.0pt; border-top: none;\\" height=\\"20\\">MUSIC THEORY IN PRACTICE<\\/td>\\r\\n<td class=\\"xl66\\" style=\\"border-top: none; border-left: none;\\">7<\\/td>\\r\\n<td class=\\"xl67\\" style=\\"border-top: none; border-left: none;\\">850\\/-<\\/td>\\r\\n<\\/tr>\\r\\n<tr style=\\"height: 15.0pt;\\">\\r\\n<td class=\\"xl65\\" style=\\"height: 15.0pt; border-top: none;\\" height=\\"20\\">MUSIC THEORY IN PRACTICE<\\/td>\\r\\n<td class=\\"xl66\\" style=\\"border-top: none; border-left: none;\\">8<\\/td>\\r\\n<td class=\\"xl67\\" style=\\"border-top: none; border-left: none;\\">900\\/-<\\/td>\\r\\n<\\/tr>\\r\\n<tr style=\\"height: 15.0pt;\\">\\r\\n<td class=\\"xl65\\" style=\\"height: 15.0pt; border-top: none;\\" height=\\"20\\">HARMONY IN PRACTICE<\\/td>\\r\\n<td class=\\"xl66\\" style=\\"border-top: none; border-left: none;\\">&nbsp;<\\/td>\\r\\n<td class=\\"xl67\\" style=\\"border-top: none; border-left: none;\\">3400\\/-<\\/td>\\r\\n<\\/tr>\\r\\n<tr style=\\"height: 15.0pt;\\">\\r\\n<td class=\\"xl65\\" style=\\"height: 15.0pt; border-top: none;\\" height=\\"20\\">HARMONY IN PRACTICE ANSWERS<\\/td>\\r\\n<td class=\\"xl66\\" style=\\"border-top: none; border-left: none;\\">&nbsp;<\\/td>\\r\\n<td class=\\"xl67\\" style=\\"border-top: none; border-left: none;\\">2100\\/-<\\/td>\\r\\n<\\/tr>\\r\\n<tr style=\\"height: 15.0pt;\\">\\r\\n<td class=\\"xl65\\" style=\\"height: 15.0pt; border-top: none;\\" height=\\"20\\">THEORY WORKBOOK<\\/td>\\r\\n<td class=\\"xl66\\" style=\\"border-top: none; border-left: none;\\">6<\\/td>\\r\\n<td class=\\"xl67\\" style=\\"border-top: none; border-left: none;\\">1300\\/-<\\/td>\\r\\n<\\/tr>\\r\\n<tr style=\\"height: 15.0pt;\\">\\r\\n<td class=\\"xl65\\" style=\\"height: 15.0pt; border-top: none;\\" height=\\"20\\">THEORY WORKBOOK<\\/td>\\r\\n<td class=\\"xl66\\" style=\\"border-top: none; border-left: none;\\">7<\\/td>\\r\\n<td class=\\"xl67\\" style=\\"border-top: none; border-left: none;\\">1400\\/-<\\/td>\\r\\n<\\/tr>\\r\\n<tr style=\\"height: 15.0pt;\\">\\r\\n<td class=\\"xl65\\" style=\\"height: 15.0pt; border-top: none;\\" height=\\"20\\">THEORY WORKBOOK<\\/td>\\r\\n<td class=\\"xl66\\" style=\\"border-top: none; border-left: none;\\">8<\\/td>\\r\\n<td class=\\"xl67\\" style=\\"border-top: none; border-left: none;\\">1550\\/-<\\/td>\\r\\n<\\/tr>\\r\\n<tr style=\\"height: 15.0pt;\\">\\r\\n<td class=\\"xl65\\" style=\\"height: 15.0pt; border-top: none;\\" height=\\"20\\">GUITAR PREP TEST<\\/td>\\r\\n<td class=\\"xl66\\" style=\\"border-top: none; border-left: none;\\">&nbsp;<\\/td>\\r\\n<td class=\\"xl67\\" style=\\"border-top: none; border-left: none;\\">550\\/-<\\/td>\\r\\n<\\/tr>\\r\\n<tr style=\\"height: 15.0pt;\\">\\r\\n<td class=\\"xl65\\" style=\\"height: 15.0pt; border-top: none;\\" height=\\"20\\">GUITAR SCALES AND ARPEGGIOS<\\/td>\\r\\n<td class=\\"xl66\\" style=\\"border-top: none; border-left: none;\\">1-5<\\/td>\\r\\n<td class=\\"xl67\\" style=\\"border-top: none; border-left: none;\\">600\\/-<\\/td>\\r\\n<\\/tr>\\r\\n<tr style=\\"height: 15.0pt;\\">\\r\\n<td class=\\"xl65\\" style=\\"height: 15.0pt; border-top: none;\\" height=\\"20\\">GUITAR SCALES AND ARPEGGIOS<\\/td>\\r\\n<td class=\\"xl66\\" style=\\"border-top: none; border-left: none;\\">6-8<\\/td>\\r\\n<td class=\\"xl67\\" style=\\"border-top: none; border-left: none;\\">700\\/-<\\/td>\\r\\n<\\/tr>\\r\\n<tr style=\\"height: 15.0pt;\\">\\r\\n<td class=\\"xl65\\" style=\\"height: 15.0pt; border-top: none;\\" height=\\"20\\">GUITAR SIGHT - READING<\\/td>\\r\\n<td class=\\"xl66\\" style=\\"border-top: none; border-left: none;\\">1 - 8<\\/td>\\r\\n<td class=\\"xl67\\" style=\\"border-top: none; border-left: none;\\">700\\/-<\\/td>\\r\\n<\\/tr>\\r\\n<tr style=\\"height: 15.0pt;\\">\\r\\n<td class=\\"xl65\\" style=\\"height: 15.0pt; border-top: none;\\" height=\\"20\\">TIME PIECES FOR GUITAR VOLUME 1<\\/td>\\r\\n<td class=\\"xl66\\" style=\\"border-top: none; border-left: none;\\">&nbsp;<\\/td>\\r\\n<td class=\\"xl67\\" style=\\"border-top: none; border-left: none;\\">1000\\/-<\\/td>\\r\\n<\\/tr>\\r\\n<tr style=\\"height: 15.0pt;\\">\\r\\n<td class=\\"xl65\\" style=\\"height: 15.0pt; border-top: none;\\" height=\\"20\\">TIME PIECES FOR GUITAR VOLUME 2<\\/td>\\r\\n<td class=\\"xl66\\" style=\\"border-top: none; border-left: none;\\">&nbsp;<\\/td>\\r\\n<td class=\\"xl67\\" style=\\"border-top: none; border-left: none;\\">1000\\/-<\\/td>\\r\\n<\\/tr>\\r\\n<tr style=\\"height: 15.0pt;\\">\\r\\n<td class=\\"xl65\\" style=\\"height: 15.0pt; border-top: none;\\" height=\\"20\\">MUSIC MEDALS COPPER GUITAR PIECES<\\/td>\\r\\n<td class=\\"xl66\\" style=\\"border-top: none; border-left: none;\\">&nbsp;<\\/td>\\r\\n<td class=\\"xl67\\" style=\\"border-top: none; border-left: none;\\">700\\/-<\\/td>\\r\\n<\\/tr>\\r\\n<tr style=\\"height: 15.0pt;\\">\\r\\n<td class=\\"xl65\\" style=\\"height: 15.0pt; border-top: none;\\" height=\\"20\\">MUSIC MEDALS BRONZE GUITAR PIECES<\\/td>\\r\\n<td class=\\"xl66\\" style=\\"border-top: none; border-left: none;\\">&nbsp;<\\/td>\\r\\n<td class=\\"xl67\\" style=\\"border-top: none; border-left: none;\\">750\\/-<\\/td>\\r\\n<\\/tr>\\r\\n<tr style=\\"height: 15.0pt;\\">\\r\\n<td class=\\"xl65\\" style=\\"height: 15.0pt; border-top: none;\\" height=\\"20\\">JAZZ PIANO SCALES<\\/td>\\r\\n<td class=\\"xl66\\" style=\\"border-top: none; border-left: none;\\">1-5<\\/td>\\r\\n<td class=\\"xl67\\" style=\\"border-top: none; border-left: none;\\">650\\/-<\\/td>\\r\\n<\\/tr>\\r\\n<tr style=\\"height: 15.0pt;\\">\\r\\n<td class=\\"xl65\\" style=\\"height: 15.0pt; border-top: none;\\" height=\\"20\\">VIOLIN EXAM PIECES 2013-2015 ( Score &amp; part )<\\/td>\\r\\n<td class=\\"xl66\\" style=\\"border-top: none; border-left: none;\\">1<\\/td>\\r\\n<td class=\\"xl67\\" style=\\"border-top: none; border-left: none;\\">1000\\/-<\\/td>\\r\\n<\\/tr>\\r\\n<tr style=\\"height: 15.0pt;\\">\\r\\n<td class=\\"xl65\\" style=\\"height: 15.0pt; border-top: none;\\" height=\\"20\\">VIOLIN EXAM PIECES 2013-2015 ( Score &amp; part )<\\/td>\\r\\n<td class=\\"xl66\\" style=\\"border-top: none; border-left: none;\\">2<\\/td>\\r\\n<td class=\\"xl67\\" style=\\"border-top: none; border-left: none;\\">1050\\/-<\\/td>\\r\\n<\\/tr>\\r\\n<tr style=\\"height: 15.0pt;\\">\\r\\n<td class=\\"xl65\\" style=\\"height: 15.0pt; border-top: none;\\" height=\\"20\\">VIOLIN EXAM PIECES 2013-2015 ( Score &amp; part )<\\/td>\\r\\n<td class=\\"xl66\\" style=\\"border-top: none; border-left: none;\\">3<\\/td>\\r\\n<td class=\\"xl67\\" style=\\"border-top: none; border-left: none;\\">1100\\/-<\\/td>\\r\\n<\\/tr>\\r\\n<tr style=\\"height: 15.0pt;\\">\\r\\n<td class=\\"xl65\\" style=\\"height: 15.0pt; border-top: none;\\" height=\\"20\\">VIOLIN EXAM PIECES 2013-2015 ( Score &amp; part )<\\/td>\\r\\n<td class=\\"xl66\\" style=\\"border-top: none; border-left: none;\\">4<\\/td>\\r\\n<td class=\\"xl67\\" style=\\"border-top: none; border-left: none;\\">1150\\/-<\\/td>\\r\\n<\\/tr>\\r\\n<tr style=\\"height: 15.0pt;\\">\\r\\n<td class=\\"xl65\\" style=\\"height: 15.0pt; border-top: none;\\" height=\\"20\\">VIOLIN EXAM PIECES 2013-2015( Score &amp; part )<\\/td>\\r\\n<td class=\\"xl66\\" style=\\"border-top: none; border-left: none;\\">5<\\/td>\\r\\n<td class=\\"xl67\\" style=\\"border-top: none; border-left: none;\\">1300\\/-<\\/td>\\r\\n<\\/tr>\\r\\n<tr style=\\"height: 15.0pt;\\">\\r\\n<td class=\\"xl65\\" style=\\"height: 15.0pt; border-top: none;\\" height=\\"20\\">VIOLIN EXAM PIECES 2013-2015 ( Score &amp; part )<\\/td>\\r\\n<td class=\\"xl66\\" style=\\"border-top: none; border-left: none;\\">6<\\/td>\\r\\n<td class=\\"xl67\\" style=\\"border-top: none; border-left: none;\\">1600\\/-<\\/td>\\r\\n<\\/tr>\\r\\n<tr style=\\"height: 15.0pt;\\">\\r\\n<td class=\\"xl65\\" style=\\"height: 15.0pt; border-top: none;\\" height=\\"20\\">VIOLIN EXAM PIECES 2013-2015 ( Score , part &amp; CD )<\\/td>\\r\\n<td class=\\"xl66\\" style=\\"border-top: none; border-left: none;\\">1<\\/td>\\r\\n<td class=\\"xl67\\" style=\\"border-top: none; border-left: none;\\">2100\\/-<\\/td>\\r\\n<\\/tr>\\r\\n<tr style=\\"height: 15.0pt;\\">\\r\\n<td class=\\"xl65\\" style=\\"height: 15.0pt; border-top: none;\\" height=\\"20\\">VIOLIN EXAM PIECES 2013-2015 ( Score, part<span style=\\"mso-spacerun: yes;\\">&nbsp; <\\/span>&amp; CD)<\\/td>\\r\\n<td class=\\"xl66\\" style=\\"border-top: none; border-left: none;\\">2<\\/td>\\r\\n<td class=\\"xl67\\" style=\\"border-top: none; border-left: none;\\">2200\\/-<\\/td>\\r\\n<\\/tr>\\r\\n<tr style=\\"height: 15.0pt;\\">\\r\\n<td class=\\"xl65\\" style=\\"height: 15.0pt; border-top: none;\\" height=\\"20\\">VIOLIN EXAM PIECES 2013-2015 ( Score, part<span style=\\"mso-spacerun: yes;\\">&nbsp; <\\/span>&amp; CD)<\\/td>\\r\\n<td class=\\"xl66\\" style=\\"border-top: none; border-left: none;\\">3<\\/td>\\r\\n<td class=\\"xl67\\" style=\\"border-top: none; border-left: none;\\">2300\\/-<\\/td>\\r\\n<\\/tr>\\r\\n<tr style=\\"height: 15.0pt;\\">\\r\\n<td class=\\"xl65\\" style=\\"height: 15.0pt; border-top: none;\\" height=\\"20\\">VIOLIN EXAM PIECES 2013-2015 ( Score, part &amp; CD )<\\/td>\\r\\n<td class=\\"xl66\\" style=\\"border-top: none; border-left: none;\\">4<\\/td>\\r\\n<td class=\\"xl67\\" style=\\"border-top: none; border-left: none;\\">2450\\/-<\\/td>\\r\\n<\\/tr>\\r\\n<tr style=\\"height: 15.0pt;\\">\\r\\n<td class=\\"xl65\\" style=\\"height: 15.0pt; border-top: none;\\" height=\\"20\\">VIOLIN EXAM PIECES 2013-2015 ( Score, part &amp; CD )<\\/td>\\r\\n<td class=\\"xl66\\" style=\\"border-top: none; border-left: none;\\">5<\\/td>\\r\\n<td class=\\"xl67\\" style=\\"border-top: none; border-left: none;\\">3100\\/-<\\/td>\\r\\n<\\/tr>\\r\\n<tr style=\\"height: 15.0pt;\\">\\r\\n<td class=\\"xl65\\" style=\\"height: 15.0pt; border-top: none;\\" height=\\"20\\">VIOLIN EXAM PIECES 2013-2015<span style=\\"mso-spacerun: yes;\\">&nbsp; <\\/span>Score &amp; part<span style=\\"mso-spacerun: yes;\\">&nbsp; <\\/span>WITH CD<\\/td>\\r\\n<td class=\\"xl66\\" style=\\"border-top: none; border-left: none;\\">7<\\/td>\\r\\n<td class=\\"xl67\\" style=\\"border-top: none; border-left: none;\\">3800\\/-<\\/td>\\r\\n<\\/tr>\\r\\n<tr style=\\"height: 15.0pt;\\">\\r\\n<td class=\\"xl65\\" style=\\"height: 15.0pt; border-top: none;\\" height=\\"20\\">VIOLIN PREP TEST<\\/td>\\r\\n<td class=\\"xl66\\" style=\\"border-top: none; border-left: none;\\">&nbsp;<\\/td>\\r\\n<td class=\\"xl67\\" style=\\"border-top: none; border-left: none;\\">550\\/-<\\/td>\\r\\n<\\/tr>\\r\\n<tr style=\\"height: 15.0pt;\\">\\r\\n<td class=\\"xl65\\" style=\\"height: 15.0pt; border-top: none;\\" height=\\"20\\">VIOLIN EXAM PIECES 2008 - 2011 WITH CD<\\/td>\\r\\n<td class=\\"xl66\\" style=\\"border-top: none; border-left: none;\\">6<\\/td>\\r\\n<td class=\\"xl67\\" style=\\"border-top: none; border-left: none;\\">3500\\/-<\\/td>\\r\\n<\\/tr>\\r\\n<tr style=\\"height: 15.0pt;\\">\\r\\n<td class=\\"xl65\\" style=\\"height: 15.0pt; border-top: none;\\" height=\\"20\\">VIOLIN EXAM PIECES 2008 - 2011 WITH CD<\\/td>\\r\\n<td class=\\"xl66\\" style=\\"border-top: none; border-left: none;\\">7<\\/td>\\r\\n<td class=\\"xl67\\" style=\\"border-top: none; border-left: none;\\">3780\\/-<\\/td>\\r\\n<\\/tr>\\r\\n<tr style=\\"height: 15.0pt;\\">\\r\\n<td class=\\"xl65\\" style=\\"height: 15.0pt; border-top: none;\\" height=\\"20\\">VIOLIN STAR BOOK 1 WITH CD<\\/td>\\r\\n<td class=\\"xl66\\" style=\\"border-top: none; border-left: none;\\">&nbsp;<\\/td>\\r\\n<td class=\\"xl67\\" style=\\"border-top: none; border-left: none;\\">850\\/-<\\/td>\\r\\n<\\/tr>\\r\\n<tr style=\\"height: 15.0pt;\\">\\r\\n<td class=\\"xl65\\" style=\\"height: 15.0pt; border-top: none;\\" height=\\"20\\">VIOLIN STAR BOOK 2 WITH CD<\\/td>\\r\\n<td class=\\"xl66\\" style=\\"border-top: none; border-left: none;\\">&nbsp;<\\/td>\\r\\n<td class=\\"xl67\\" style=\\"border-top: none; border-left: none;\\">1000\\/-<\\/td>\\r\\n<\\/tr>\\r\\n<tr style=\\"height: 15.0pt;\\">\\r\\n<td class=\\"xl65\\" style=\\"height: 15.0pt; border-top: none;\\" height=\\"20\\">VIOLIN STAR BOOK 3 WITH CD<\\/td>\\r\\n<td class=\\"xl66\\" style=\\"border-top: none; border-left: none;\\">&nbsp;<\\/td>\\r\\n<td class=\\"xl67\\" style=\\"border-top: none; border-left: none;\\">1100\\/-<\\/td>\\r\\n<\\/tr>\\r\\n<tr style=\\"height: 15.0pt;\\">\\r\\n<td class=\\"xl65\\" style=\\"height: 15.0pt; border-top: none;\\" height=\\"20\\">VIOLIN STAR BOOK 1 ACCOMPANIMENT<\\/td>\\r\\n<td class=\\"xl66\\" style=\\"border-top: none; border-left: none;\\">&nbsp;<\\/td>\\r\\n<td class=\\"xl67\\" style=\\"border-top: none; border-left: none;\\">1100\\/-<\\/td>\\r\\n<\\/tr>\\r\\n<tr style=\\"height: 15.0pt;\\">\\r\\n<td class=\\"xl65\\" style=\\"height: 15.0pt; border-top: none;\\" height=\\"20\\">VIOLIN STAR BOOK 2 ACCOMPANIMENT<\\/td>\\r\\n<td class=\\"xl66\\" style=\\"border-top: none; border-left: none;\\">&nbsp;<\\/td>\\r\\n<td class=\\"xl67\\" style=\\"border-top: none; border-left: none;\\">1250\\/-<\\/td>\\r\\n<\\/tr>\\r\\n<tr style=\\"height: 15.0pt;\\">\\r\\n<td class=\\"xl65\\" style=\\"height: 15.0pt; border-top: none;\\" height=\\"20\\">VIOLIN STAR BOOK 3 ACCOMPANIMENT<\\/td>\\r\\n<td class=\\"xl66\\" style=\\"border-top: none; border-left: none;\\">&nbsp;<\\/td>\\r\\n<td class=\\"xl67\\" style=\\"border-top: none; border-left: none;\\">1400\\/-<\\/td>\\r\\n<\\/tr>\\r\\n<tr style=\\"height: 15.0pt;\\">\\r\\n<td class=\\"xl65\\" style=\\"height: 15.0pt; border-top: none;\\" height=\\"20\\">VIOLIN SCALES &amp;ARPEGGIOS FROM 2012<\\/td>\\r\\n<td class=\\"xl66\\" style=\\"border-top: none; border-left: none;\\">1<\\/td>\\r\\n<td class=\\"xl67\\" style=\\"border-top: none; border-left: none;\\">250\\/-<\\/td>\\r\\n<\\/tr>\\r\\n<tr style=\\"height: 15.0pt;\\">\\r\\n<td class=\\"xl65\\" style=\\"height: 15.0pt; border-top: none;\\" height=\\"20\\">VIOLIN SCALES &amp;ARPEGGIOS FROM 2012<\\/td>\\r\\n<td class=\\"xl66\\" style=\\"border-top: none; border-left: none;\\">2<\\/td>\\r\\n<td class=\\"xl67\\" style=\\"border-top: none; border-left: none;\\">300\\/-<\\/td>\\r\\n<\\/tr>\\r\\n<tr style=\\"height: 15.0pt;\\">\\r\\n<td class=\\"xl65\\" style=\\"height: 15.0pt; border-top: none;\\" height=\\"20\\">VIOLIN SCALES &amp;ARPEGGIOS FROM 2012<\\/td>\\r\\n<td class=\\"xl66\\" style=\\"border-top: none; border-left: none;\\">3<\\/td>\\r\\n<td class=\\"xl67\\" style=\\"border-top: none; border-left: none;\\">350\\/-<\\/td>\\r\\n<\\/tr>\\r\\n<tr style=\\"height: 15.0pt;\\">\\r\\n<td class=\\"xl65\\" style=\\"height: 15.0pt; border-top: none;\\" height=\\"20\\">VIOLIN SCALES &amp;ARPEGGIOS FROM 2012<\\/td>\\r\\n<td class=\\"xl66\\" style=\\"border-top: none; border-left: none;\\">4<\\/td>\\r\\n<td class=\\"xl67\\" style=\\"border-top: none; border-left: none;\\">400\\/-<\\/td>\\r\\n<\\/tr>\\r\\n<tr style=\\"height: 15.0pt;\\">\\r\\n<td class=\\"xl65\\" style=\\"height: 15.0pt; border-top: none;\\" height=\\"20\\">VIOLIN SCALES &amp;ARPEGGIOS FROM 2012<\\/td>\\r\\n<td class=\\"xl66\\" style=\\"border-top: none; border-left: none;\\">5<\\/td>\\r\\n<td class=\\"xl67\\" style=\\"border-top: none; border-left: none;\\">450\\/-<\\/td>\\r\\n<\\/tr>\\r\\n<tr style=\\"height: 15.0pt;\\">\\r\\n<td class=\\"xl65\\" style=\\"height: 15.0pt; border-top: none;\\" height=\\"20\\">TIME PIECES FOR FLUTE VOLUME I<\\/td>\\r\\n<td class=\\"xl66\\" style=\\"border-top: none; border-left: none;\\">&nbsp;<\\/td>\\r\\n<td class=\\"xl67\\" style=\\"border-top: none; border-left: none;\\">1000\\/-<\\/td>\\r\\n<\\/tr>\\r\\n<tr style=\\"height: 15.0pt;\\">\\r\\n<td class=\\"xl65\\" style=\\"height: 15.0pt; border-top: none;\\" height=\\"20\\">TIME PIECES FOR FLUTE VOLUME 2<\\/td>\\r\\n<td class=\\"xl66\\" style=\\"border-top: none; border-left: none;\\">&nbsp;<\\/td>\\r\\n<td class=\\"xl67\\" style=\\"border-top: none; border-left: none;\\">1000\\/-<\\/td>\\r\\n<\\/tr>\\r\\n<tr style=\\"height: 15.0pt;\\">\\r\\n<td class=\\"xl65\\" style=\\"height: 15.0pt; border-top: none;\\" height=\\"20\\">FLUTE SCALES AND ARPEGGIOS<\\/td>\\r\\n<td class=\\"xl66\\" style=\\"border-top: none; border-left: none;\\">1-8<\\/td>\\r\\n<td class=\\"xl67\\" style=\\"border-top: none; border-left: none;\\">850\\/-<\\/td>\\r\\n<\\/tr>\\r\\n<tr style=\\"height: 15.0pt;\\">\\r\\n<td class=\\"xl65\\" style=\\"height: 15.0pt; border-top: none;\\" height=\\"20\\">FLUTE PREP TEST<\\/td>\\r\\n<td class=\\"xl66\\" style=\\"border-top: none; border-left: none;\\">&nbsp;<\\/td>\\r\\n<td class=\\"xl67\\" style=\\"border-top: none; border-left: none;\\">550\\/-<\\/td>\\r\\n<\\/tr>\\r\\n<tr style=\\"height: 15.0pt;\\">\\r\\n<td class=\\"xl65\\" style=\\"height: 15.0pt; border-top: none;\\" height=\\"20\\">SELECTED FLUTE EXAM PIECES (Score &amp; Part)<\\/td>\\r\\n<td class=\\"xl66\\" style=\\"border-top: none; border-left: none;\\">1<\\/td>\\r\\n<td class=\\"xl67\\" style=\\"border-top: none; border-left: none;\\">1000\\/-<\\/td>\\r\\n<\\/tr>\\r\\n<tr style=\\"height: 15.0pt;\\">\\r\\n<td class=\\"xl65\\" style=\\"height: 15.0pt; border-top: none;\\" height=\\"20\\">SELECTED FLUTE EXAM PIECES (Score &amp; Part)<\\/td>\\r\\n<td class=\\"xl66\\" style=\\"border-top: none; border-left: none;\\">2<\\/td>\\r\\n<td class=\\"xl67\\" style=\\"border-top: none; border-left: none;\\">1050\\/-<\\/td>\\r\\n<\\/tr>\\r\\n<tr style=\\"height: 15.0pt;\\">\\r\\n<td class=\\"xl65\\" style=\\"height: 15.0pt; border-top: none;\\" height=\\"20\\">SELECTED FLUTE EXAM PIECES (Score &amp; Part)<\\/td>\\r\\n<td class=\\"xl66\\" style=\\"border-top: none; border-left: none;\\">3<\\/td>\\r\\n<td class=\\"xl67\\" style=\\"border-top: none; border-left: none;\\">1100\\/-<\\/td>\\r\\n<\\/tr>\\r\\n<tr style=\\"height: 15.0pt;\\">\\r\\n<td class=\\"xl65\\" style=\\"height: 15.0pt; border-top: none;\\" height=\\"20\\">SELECTED FLUTE EXAM PIECES (Score &amp; Part)<\\/td>\\r\\n<td class=\\"xl66\\" style=\\"border-top: none; border-left: none;\\">4<\\/td>\\r\\n<td class=\\"xl67\\" style=\\"border-top: none; border-left: none;\\">1200\\/-<\\/td>\\r\\n<\\/tr>\\r\\n<tr style=\\"height: 15.0pt;\\">\\r\\n<td class=\\"xl65\\" style=\\"height: 15.0pt; border-top: none;\\" height=\\"20\\">SELECTED FLUTE EXAM PIECES (Score &amp; Part)<\\/td>\\r\\n<td class=\\"xl66\\" style=\\"border-top: none; border-left: none;\\">5<\\/td>\\r\\n<td class=\\"xl67\\" style=\\"border-top: none; border-left: none;\\">1300\\/-<\\/td>\\r\\n<\\/tr>\\r\\n<tr style=\\"height: 15.0pt;\\">\\r\\n<td class=\\"xl65\\" style=\\"height: 15.0pt; border-top: none;\\" height=\\"20\\">SELECTED FLUTE EXAM PIECES WITH CD<\\/td>\\r\\n<td class=\\"xl66\\" style=\\"border-top: none; border-left: none;\\">6<\\/td>\\r\\n<td class=\\"xl67\\" style=\\"border-top: none; border-left: none;\\">3600\\/-<\\/td>\\r\\n<\\/tr>\\r\\n<tr style=\\"height: 15.0pt;\\">\\r\\n<td class=\\"xl65\\" style=\\"height: 15.0pt; border-top: none;\\" height=\\"20\\">SELECTED FLUTE EXAM PIECES WITH CD<\\/td>\\r\\n<td class=\\"xl66\\" style=\\"border-top: none; border-left: none;\\">7<\\/td>\\r\\n<td class=\\"xl67\\" style=\\"border-top: none; border-left: none;\\">3850\\/-<\\/td>\\r\\n<\\/tr>\\r\\n<tr style=\\"height: 15.0pt;\\">\\r\\n<td class=\\"xl65\\" style=\\"height: 15.0pt; border-top: none;\\" height=\\"20\\">SINGING PREP TEST<\\/td>\\r\\n<td class=\\"xl66\\" style=\\"border-top: none; border-left: none;\\">&nbsp;<\\/td>\\r\\n<td class=\\"xl67\\" style=\\"border-top: none; border-left: none;\\">550\\/-<\\/td>\\r\\n<\\/tr>\\r\\n<tr style=\\"height: 15.0pt;\\">\\r\\n<td class=\\"xl65\\" style=\\"height: 15.0pt; border-top: none;\\" height=\\"20\\">SPECIMEN SIGHT-SINGING TESTS<\\/td>\\r\\n<td class=\\"xl66\\" style=\\"border-top: none; border-left: none;\\">&nbsp;<\\/td>\\r\\n<td class=\\"xl67\\" style=\\"border-top: none; border-left: none;\\">850\\/-<\\/td>\\r\\n<\\/tr>\\r\\n<tr style=\\"height: 15.0pt;\\">\\r\\n<td class=\\"xl65\\" style=\\"height: 15.0pt; border-top: none;\\" height=\\"20\\">SPECIMEN SIGHT-SINGING TESTS<span style=\\"mso-spacerun: yes;\\">&nbsp;<\\/span><\\/td>\\r\\n<td class=\\"xl66\\" style=\\"border-top: none; border-left: none;\\">&nbsp;<\\/td>\\r\\n<td class=\\"xl67\\" style=\\"border-top: none; border-left: none;\\">850\\/-<\\/td>\\r\\n<\\/tr>\\r\\n<tr style=\\"height: 15.0pt;\\">\\r\\n<td class=\\"xl65\\" style=\\"height: 15.0pt; border-top: none;\\" height=\\"20\\">ABRSM SONG BOOK (Book 1 with CD)<\\/td>\\r\\n<td class=\\"xl66\\" style=\\"border-top: none; border-left: none;\\">&nbsp;<\\/td>\\r\\n<td class=\\"xl67\\" style=\\"border-top: none; border-left: none;\\">2000\\/-<\\/td>\\r\\n<\\/tr>\\r\\n<tr style=\\"height: 15.0pt;\\">\\r\\n<td class=\\"xl65\\" style=\\"height: 15.0pt; border-top: none;\\" height=\\"20\\">ABRSM SONG BOOK (Book 2 with CD)<\\/td>\\r\\n<td class=\\"xl66\\" style=\\"border-top: none; border-left: none;\\">&nbsp;<\\/td>\\r\\n<td class=\\"xl67\\" style=\\"border-top: none; border-left: none;\\">2100\\/-<\\/td>\\r\\n<\\/tr>\\r\\n<tr style=\\"height: 15.0pt;\\">\\r\\n<td class=\\"xl65\\" style=\\"height: 15.0pt; border-top: none;\\" height=\\"20\\">ABRSM SONG BOOK (Book 3 with CD)<\\/td>\\r\\n<td class=\\"xl66\\" style=\\"border-top: none; border-left: none;\\">&nbsp;<\\/td>\\r\\n<td class=\\"xl67\\" style=\\"border-top: none; border-left: none;\\">2200\\/-<\\/td>\\r\\n<\\/tr>\\r\\n<tr style=\\"height: 15.0pt;\\">\\r\\n<td class=\\"xl65\\" style=\\"height: 15.0pt; border-top: none;\\" height=\\"20\\">ABRSM SONG BOOK (Book 4 with CD)<\\/td>\\r\\n<td class=\\"xl66\\" style=\\"border-top: none; border-left: none;\\">&nbsp;<\\/td>\\r\\n<td class=\\"xl67\\" style=\\"border-top: none; border-left: none;\\">2350\\/-<\\/td>\\r\\n<\\/tr>\\r\\n<tr style=\\"height: 15.0pt;\\">\\r\\n<td class=\\"xl65\\" style=\\"height: 15.0pt; border-top: none;\\" height=\\"20\\">ABRSM SONG BOOK (Book 5 with CD)<\\/td>\\r\\n<td class=\\"xl66\\" style=\\"border-top: none; border-left: none;\\">&nbsp;<\\/td>\\r\\n<td class=\\"xl67\\" style=\\"border-top: none; border-left: none;\\">2500\\/-<\\/td>\\r\\n<\\/tr>\\r\\n<tr style=\\"height: 15.0pt;\\">\\r\\n<td class=\\"xl65\\" style=\\"height: 15.0pt; border-top: none;\\" height=\\"20\\">JOINING THE DOTS<span style=\\"mso-spacerun: yes;\\">&nbsp; <\\/span>BOOK 1<\\/td>\\r\\n<td class=\\"xl66\\" style=\\"border-top: none; border-left: none;\\">&nbsp;<\\/td>\\r\\n<td class=\\"xl67\\" style=\\"border-top: none; border-left: none;\\">700\\/-<\\/td>\\r\\n<\\/tr>\\r\\n<tr style=\\"height: 15.0pt;\\">\\r\\n<td class=\\"xl65\\" style=\\"height: 15.0pt; border-top: none;\\" height=\\"20\\">JOINING THE DOTS<span style=\\"mso-spacerun: yes;\\">&nbsp; <\\/span>BOOK 2<\\/td>\\r\\n<td class=\\"xl66\\" style=\\"border-top: none; border-left: none;\\">&nbsp;<\\/td>\\r\\n<td class=\\"xl67\\" style=\\"border-top: none; border-left: none;\\">800\\/-<\\/td>\\r\\n<\\/tr>\\r\\n<tr style=\\"height: 15.0pt;\\">\\r\\n<td class=\\"xl65\\" style=\\"height: 15.0pt; border-top: none;\\" height=\\"20\\">JOINING THE DOTS<span style=\\"mso-spacerun: yes;\\">&nbsp; <\\/span>BOOK 3<\\/td>\\r\\n<td class=\\"xl66\\" style=\\"border-top: none; border-left: none;\\">&nbsp;<\\/td>\\r\\n<td class=\\"xl67\\" style=\\"border-top: none; border-left: none;\\">850\\/-<\\/td>\\r\\n<\\/tr>\\r\\n<tr style=\\"height: 15.0pt;\\">\\r\\n<td class=\\"xl65\\" style=\\"height: 15.0pt; border-top: none;\\" height=\\"20\\">JOINING THE DOTS<span style=\\"mso-spacerun: yes;\\">&nbsp; <\\/span>BOOK 4<\\/td>\\r\\n<td class=\\"xl66\\" style=\\"border-top: none; border-left: none;\\">&nbsp;<\\/td>\\r\\n<td class=\\"xl67\\" style=\\"border-top: none; border-left: none;\\">900\\/-<\\/td>\\r\\n<\\/tr>\\r\\n<tr style=\\"height: 15.0pt;\\">\\r\\n<td class=\\"xl65\\" style=\\"height: 15.0pt; border-top: none;\\" height=\\"20\\">JOINING THE DOTS<span style=\\"mso-spacerun: yes;\\">&nbsp; <\\/span>BOOK 5<\\/td>\\r\\n<td class=\\"xl66\\" style=\\"border-top: none; border-left: none;\\">&nbsp;<\\/td>\\r\\n<td class=\\"xl67\\" style=\\"border-top: none; border-left: none;\\">950\\/-<\\/td>\\r\\n<\\/tr>\\r\\n<tr style=\\"height: 15.0pt;\\">\\r\\n<td class=\\"xl65\\" style=\\"height: 15.0pt; border-top: none;\\" height=\\"20\\">TIME PIECES FOR CLARINET ( VOLUME 1)<\\/td>\\r\\n<td class=\\"xl66\\" style=\\"border-top: none; border-left: none;\\">&nbsp;<\\/td>\\r\\n<td class=\\"xl67\\" style=\\"border-top: none; border-left: none;\\">1000\\/-<\\/td>\\r\\n<\\/tr>\\r\\n<tr style=\\"height: 15.0pt;\\">\\r\\n<td class=\\"xl65\\" style=\\"height: 15.0pt; border-top: none;\\" height=\\"20\\">CLARINET SCALES AND ARPEGGIOS<\\/td>\\r\\n<td class=\\"xl66\\" style=\\"border-top: none; border-left: none;\\">1-8<\\/td>\\r\\n<td class=\\"xl67\\" style=\\"border-top: none; border-left: none;\\">900\\/-<\\/td>\\r\\n<\\/tr>\\r\\n<tr style=\\"height: 15.0pt;\\">\\r\\n<td class=\\"xl65\\" style=\\"height: 15.0pt; border-top: none;\\" height=\\"20\\">SAXOPHONE SCALES AND ARPEGGIOS<\\/td>\\r\\n<td class=\\"xl66\\" style=\\"border-top: none; border-left: none;\\">1-8<\\/td>\\r\\n<td class=\\"xl67\\" style=\\"border-top: none; border-left: none;\\">900\\/-<\\/td>\\r\\n<\\/tr>\\r\\n<tr style=\\"height: 15.0pt;\\">\\r\\n<td class=\\"xl65\\" style=\\"height: 15.0pt; border-top: none;\\" height=\\"20\\">AURAL TRAINING IN PRACTICE ( Grade 1-3)<\\/td>\\r\\n<td class=\\"xl66\\" style=\\"border-top: none; border-left: none;\\">&nbsp;<\\/td>\\r\\n<td class=\\"xl67\\" style=\\"border-top: none; border-left: none;\\">1800\\/-<\\/td>\\r\\n<\\/tr>\\r\\n<tr style=\\"height: 15.0pt;\\">\\r\\n<td class=\\"xl65\\" style=\\"height: 15.0pt; border-top: none;\\" height=\\"20\\">AURAL TRAINING IN PRACTICE ( Grade 4 &amp; 5)<\\/td>\\r\\n<td class=\\"xl66\\" style=\\"border-top: none; border-left: none;\\">&nbsp;<\\/td>\\r\\n<td class=\\"xl67\\" style=\\"border-top: none; border-left: none;\\">1900\\/-<\\/td>\\r\\n<\\/tr>\\r\\n<tr style=\\"height: 15.0pt;\\">\\r\\n<td class=\\"xl65\\" style=\\"height: 15.0pt; border-top: none;\\" height=\\"20\\">AURAL TRAINING IN PRACTICE (Grade 6-8 with CDS)<\\/td>\\r\\n<td class=\\"xl66\\" style=\\"border-top: none; border-left: none;\\">&nbsp;<\\/td>\\r\\n<td class=\\"xl67\\" style=\\"border-top: none; border-left: none;\\">2100\\/-<\\/td>\\r\\n<\\/tr>\\r\\n<tr style=\\"height: 15.0pt;\\">\\r\\n<td class=\\"xl65\\" style=\\"height: 15.0pt; border-top: none;\\" height=\\"20\\">SPECIMEN AURAL TEST<\\/td>\\r\\n<td class=\\"xl66\\" style=\\"border-top: none; border-left: none;\\">1 &amp; 3<\\/td>\\r\\n<td class=\\"xl67\\" style=\\"border-top: none; border-left: none;\\">750\\/-<\\/td>\\r\\n<\\/tr>\\r\\n<tr style=\\"height: 15.0pt;\\">\\r\\n<td class=\\"xl65\\" style=\\"height: 15.0pt; border-top: none;\\" height=\\"20\\">SPECIMEN AURAL TEST<\\/td>\\r\\n<td class=\\"xl66\\" style=\\"border-top: none; border-left: none;\\">4 &amp; 5<\\/td>\\r\\n<td class=\\"xl67\\" style=\\"border-top: none; border-left: none;\\">750\\/-<\\/td>\\r\\n<\\/tr>\\r\\n<tr style=\\"height: 15.0pt;\\">\\r\\n<td class=\\"xl65\\" style=\\"height: 15.0pt; border-top: none;\\" height=\\"20\\">SPECIMEN AURAL TEST<\\/td>\\r\\n<td class=\\"xl66\\" style=\\"border-top: none; border-left: none;\\">6<\\/td>\\r\\n<td class=\\"xl67\\" style=\\"border-top: none; border-left: none;\\">750\\/-<\\/td>\\r\\n<\\/tr>\\r\\n<tr style=\\"height: 15.0pt;\\">\\r\\n<td class=\\"xl65\\" style=\\"height: 15.0pt; border-top: none;\\" height=\\"20\\">SPECIMEN AURAL TEST<\\/td>\\r\\n<td class=\\"xl66\\" style=\\"border-top: none; border-left: none;\\">7<\\/td>\\r\\n<td class=\\"xl67\\" style=\\"border-top: none; border-left: none;\\">750\\/-<\\/td>\\r\\n<\\/tr>\\r\\n<tr style=\\"height: 15.0pt;\\">\\r\\n<td class=\\"xl65\\" style=\\"height: 15.0pt; border-top: none;\\" height=\\"20\\">SPECIMEN AURAL TEST<\\/td>\\r\\n<td class=\\"xl66\\" style=\\"border-top: none; border-left: none;\\">8<\\/td>\\r\\n<td class=\\"xl67\\" style=\\"border-top: none; border-left: none;\\">800\\/-<\\/td>\\r\\n<\\/tr>\\r\\n<tr style=\\"height: 15.0pt;\\">\\r\\n<td class=\\"xl65\\" style=\\"height: 15.0pt; border-top: none;\\" height=\\"20\\">SELECTED CLARINET EXAM PIECES (Score &amp; part<\\/td>\\r\\n<td class=\\"xl66\\" style=\\"border-top: none; border-left: none;\\">1<\\/td>\\r\\n<td class=\\"xl67\\" style=\\"border-top: none; border-left: none;\\">1000\\/-<\\/td>\\r\\n<\\/tr>\\r\\n<tr style=\\"height: 15.0pt;\\">\\r\\n<td class=\\"xl65\\" style=\\"height: 15.0pt; border-top: none;\\" height=\\"20\\">SELECTED CLARINET EXAM PIECES (Score &amp; part<\\/td>\\r\\n<td class=\\"xl66\\" style=\\"border-top: none; border-left: none;\\">2<\\/td>\\r\\n<td class=\\"xl67\\" style=\\"border-top: none; border-left: none;\\">1100\\/-<\\/td>\\r\\n<\\/tr>\\r\\n<tr style=\\"height: 15.0pt;\\">\\r\\n<td class=\\"xl65\\" style=\\"height: 15.0pt; border-top: none;\\" height=\\"20\\">SELECTED CLARINET EXAM PIECES (Score &amp; part<\\/td>\\r\\n<td class=\\"xl66\\" style=\\"border-top: none; border-left: none;\\">3<\\/td>\\r\\n<td class=\\"xl67\\" style=\\"border-top: none; border-left: none;\\">1150\\/-<\\/td>\\r\\n<\\/tr>\\r\\n<tr style=\\"height: 15.0pt;\\">\\r\\n<td class=\\"xl65\\" style=\\"height: 15.0pt; border-top: none;\\" height=\\"20\\">SELECTED CLARINET EXAM PIECES (Score &amp; part<\\/td>\\r\\n<td class=\\"xl66\\" style=\\"border-top: none; border-left: none;\\">4<\\/td>\\r\\n<td class=\\"xl67\\" style=\\"border-top: none; border-left: none;\\">1200\\/-<\\/td>\\r\\n<\\/tr>\\r\\n<tr style=\\"height: 15.0pt;\\">\\r\\n<td class=\\"xl65\\" style=\\"height: 15.0pt; border-top: none;\\" height=\\"20\\">SELECTED CLARINET EXAM PIECES (Score &amp; part<\\/td>\\r\\n<td class=\\"xl66\\" style=\\"border-top: none; border-left: none;\\">5<\\/td>\\r\\n<td class=\\"xl67\\" style=\\"border-top: none; border-left: none;\\">1300\\/-<\\/td>\\r\\n<\\/tr>\\r\\n<tr style=\\"height: 15.0pt;\\">\\r\\n<td class=\\"xl65\\" style=\\"height: 15.0pt; border-top: none;\\" height=\\"20\\">SELECTED CLARINET EXAM PIECES (Score, part &amp; CD<\\/td>\\r\\n<td class=\\"xl66\\" style=\\"border-top: none; border-left: none;\\">3<\\/td>\\r\\n<td class=\\"xl67\\" style=\\"border-top: none; border-left: none;\\">2300\\/-<\\/td>\\r\\n<\\/tr>\\r\\n<tr style=\\"height: 15.0pt;\\">\\r\\n<td class=\\"xl65\\" style=\\"height: 15.0pt; border-top: none;\\" height=\\"20\\">SELECTED CLARINET EXAM PIECES (Score, part &amp; CD<\\/td>\\r\\n<td class=\\"xl66\\" style=\\"border-top: none; border-left: none;\\">6<\\/td>\\r\\n<td class=\\"xl67\\" style=\\"border-top: none; border-left: none;\\">3600\\/-<\\/td>\\r\\n<\\/tr>\\r\\n<tr style=\\"height: 15.0pt;\\">\\r\\n<td class=\\"xl65\\" style=\\"height: 15.0pt; border-top: none;\\" height=\\"20\\">SELECTED CLARINET EXAM PIECES (Score, part &amp; CD<\\/td>\\r\\n<td class=\\"xl66\\" style=\\"border-top: none; border-left: none;\\">7<\\/td>\\r\\n<td class=\\"xl67\\" style=\\"border-top: none; border-left: none;\\">3850\\/-<\\/td>\\r\\n<\\/tr>\\r\\n<tr style=\\"height: 15.0pt;\\">\\r\\n<td class=\\"xl65\\" style=\\"height: 15.0pt; border-top: none;\\" height=\\"20\\">FIFTY ELEMENTARY STUDIES<span style=\\"mso-spacerun: yes;\\">&nbsp;<\\/span><\\/td>\\r\\n<td class=\\"xl66\\" style=\\"border-top: none; border-left: none;\\">&nbsp;<\\/td>\\r\\n<td class=\\"xl67\\" style=\\"border-top: none; border-left: none;\\">900\\/-<\\/td>\\r\\n<\\/tr>\\r\\n<tr style=\\"height: 15.0pt;\\">\\r\\n<td class=\\"xl65\\" style=\\"height: 15.0pt; border-top: none;\\" height=\\"20\\">THIRTY STUDIES OF MODERATE DIFFICULTY<\\/td>\\r\\n<td class=\\"xl68\\" style=\\"border-top: none; border-left: none;\\">&nbsp;<\\/td>\\r\\n<td class=\\"xl67\\" style=\\"border-top: none; border-left: none;\\">850\\/-<\\/td>\\r\\n<\\/tr>\\r\\n<tr style=\\"height: 15.0pt;\\">\\r\\n<td class=\\"xl65\\" style=\\"height: 15.0pt; border-top: none;\\" height=\\"20\\">RECORDER PREP TEST<\\/td>\\r\\n<td class=\\"xl68\\" style=\\"border-top: none; border-left: none;\\">&nbsp;<\\/td>\\r\\n<td class=\\"xl67\\" style=\\"border-top: none; border-left: none;\\">550\\/-<\\/td>\\r\\n<\\/tr>\\r\\n<tr style=\\"height: 15.0pt;\\">\\r\\n<td class=\\"xl65\\" style=\\"height: 15.0pt; border-top: none;\\" height=\\"20\\">RECORDER SCALES<span style=\\"mso-spacerun: yes;\\">&nbsp;<\\/span><\\/td>\\r\\n<td class=\\"xl68\\" style=\\"border-top: none; border-left: none;\\">&nbsp;<\\/td>\\r\\n<td class=\\"xl67\\" style=\\"border-top: none; border-left: none;\\">850\\/-<\\/td>\\r\\n<\\/tr>\\r\\n<tr style=\\"height: 15.0pt;\\">\\r\\n<td class=\\"xl65\\" style=\\"height: 15.0pt; border-top: none;\\" height=\\"20\\">TIME PIECES FOR DESCANT\\/SOPRANO RECORDER VOLUME 1<\\/td>\\r\\n<td class=\\"xl68\\" style=\\"border-top: none; border-left: none;\\">&nbsp;<\\/td>\\r\\n<td class=\\"xl67\\" style=\\"border-top: none; border-left: none;\\">1000\\/-<\\/td>\\r\\n<\\/tr>\\r\\n<tr style=\\"height: 15.0pt;\\">\\r\\n<td class=\\"xl65\\" style=\\"height: 15.0pt; border-top: none;\\" height=\\"20\\">TIME PIECES FOR DESCANT\\/SOPRANO RECORDER VOLUME 2<\\/td>\\r\\n<td class=\\"xl68\\" style=\\"border-top: none; border-left: none;\\">&nbsp;<\\/td>\\r\\n<td class=\\"xl67\\" style=\\"border-top: none; border-left: none;\\">1000\\/-<\\/td>\\r\\n<\\/tr>\\r\\n<tr style=\\"height: 15.0pt;\\">\\r\\n<td class=\\"xl65\\" style=\\"height: 15.0pt; border-top: none;\\" height=\\"20\\">TIME PIECES FOR TRBLE\\/ALTO RECORDER VOLUME 1<\\/td>\\r\\n<td class=\\"xl68\\" style=\\"border-top: none; border-left: none;\\">&nbsp;<\\/td>\\r\\n<td class=\\"xl67\\" style=\\"border-top: none; border-left: none;\\">1000\\/-<\\/td>\\r\\n<\\/tr>\\r\\n<tr style=\\"height: 15.0pt;\\">\\r\\n<td class=\\"xl65\\" style=\\"height: 15.0pt; border-top: none;\\" height=\\"20\\">TIME PIECES FOR TRBLE\\/ALTO RECORDER VOLUME 2<\\/td>\\r\\n<td class=\\"xl68\\" style=\\"border-top: none; border-left: none;\\">&nbsp;<\\/td>\\r\\n<td class=\\"xl67\\" style=\\"border-top: none; border-left: none;\\">1000\\/-<\\/td>\\r\\n<\\/tr>\\r\\n<tr style=\\"height: 15.0pt;\\">\\r\\n<td class=\\"xl65\\" style=\\"height: 15.0pt; border-top: none;\\" height=\\"20\\">SCARLATTI FOR GUITAR<\\/td>\\r\\n<td class=\\"xl68\\" style=\\"border-top: none; border-left: none;\\">&nbsp;<\\/td>\\r\\n<td class=\\"xl67\\" style=\\"border-top: none; border-left: none;\\">1050\\/-<\\/td>\\r\\n<\\/tr>\\r\\n<tr style=\\"height: 15.0pt;\\">\\r\\n<td class=\\"xl65\\" style=\\"height: 15.0pt; border-top: none;\\" height=\\"20\\">WEISS FOR GUITAR<\\/td>\\r\\n<td class=\\"xl68\\" style=\\"border-top: none; border-left: none;\\">&nbsp;<\\/td>\\r\\n<td class=\\"xl67\\" style=\\"border-top: none; border-left: none;\\">1050\\/-<\\/td>\\r\\n<\\/tr>\\r\\n<tr style=\\"height: 15.0pt;\\">\\r\\n<td class=\\"xl65\\" style=\\"height: 15.0pt; border-top: none;\\" height=\\"20\\">MORE TIME PIECES FOR CELLO VOLUME 1<\\/td>\\r\\n<td class=\\"xl68\\" style=\\"border-top: none; border-left: none;\\">&nbsp;<\\/td>\\r\\n<td class=\\"xl67\\" style=\\"border-top: none; border-left: none;\\">1050\\/-<\\/td>\\r\\n<\\/tr>\\r\\n<tr style=\\"height: 15.0pt;\\">\\r\\n<td class=\\"xl65\\" style=\\"height: 15.0pt; border-top: none;\\" height=\\"20\\">TIME PIECES FOR CELLO VOLUME 3<\\/td>\\r\\n<td class=\\"xl68\\" style=\\"border-top: none; border-left: none;\\">&nbsp;<\\/td>\\r\\n<td class=\\"xl67\\" style=\\"border-top: none; border-left: none;\\">950\\/-<\\/td>\\r\\n<\\/tr>\\r\\n<tr style=\\"height: 15.0pt;\\">\\r\\n<td class=\\"xl65\\" style=\\"height: 15.0pt; border-top: none;\\" height=\\"20\\">STRING TIME JOGGERS CELLO BOOK\\/CD<\\/td>\\r\\n<td class=\\"xl68\\" style=\\"border-top: none; border-left: none;\\">&nbsp;<\\/td>\\r\\n<td class=\\"xl67\\" style=\\"border-top: none; border-left: none;\\">750\\/-<\\/td>\\r\\n<\\/tr>\\r\\n<tr style=\\"height: 15.0pt;\\">\\r\\n<td class=\\"xl65\\" style=\\"height: 15.0pt; border-top: none;\\" height=\\"20\\">CELLO SCALES AND ARPEGGIOS<\\/td>\\r\\n<td class=\\"xl68\\" style=\\"border-top: none; border-left: none;\\">1 - 5<\\/td>\\r\\n<td class=\\"xl67\\" style=\\"border-top: none; border-left: none;\\">550\\/-<\\/td>\\r\\n<\\/tr>\\r\\n<tr style=\\"height: 15.0pt;\\">\\r\\n<td class=\\"xl65\\" style=\\"height: 15.0pt; border-top: none;\\" height=\\"20\\">CELLO SCALES AND ARPEGGIOS<\\/td>\\r\\n<td class=\\"xl68\\" style=\\"border-top: none; border-left: none;\\">6 - 8<\\/td>\\r\\n<td class=\\"xl67\\" style=\\"border-top: none; border-left: none;\\">700\\/-<\\/td>\\r\\n<\\/tr>\\r\\n<tr style=\\"height: 15.0pt;\\">\\r\\n<td class=\\"xl65\\" style=\\"height: 15.0pt; border-top: none;\\" height=\\"20\\">CELLO SIGHT- READING<\\/td>\\r\\n<td class=\\"xl68\\" style=\\"border-top: none; border-left: none;\\">1 - 8<\\/td>\\r\\n<td class=\\"xl67\\" style=\\"border-top: none; border-left: none;\\">700\\/-<\\/td>\\r\\n<\\/tr>\\r\\n<tr style=\\"height: 15.0pt;\\">\\r\\n<td class=\\"xl65\\" style=\\"height: 15.0pt; border-top: none;\\" height=\\"20\\">SPECTRUM FOR CELLO<\\/td>\\r\\n<td class=\\"xl68\\" style=\\"border-top: none; border-left: none;\\">&nbsp;<\\/td>\\r\\n<td class=\\"xl67\\" style=\\"border-top: none; border-left: none;\\">2450\\/-<\\/td>\\r\\n<\\/tr>\\r\\n<\\/tbody>\\r\\n<\\/table>","artReadMore":"<a href=\\"*noticeboard\\/music_books_price_list\\/2013-07-04_10:00:00\\">read more<\\/a>"}', '', '2013-07-04 10:00:00', '0000-00-00 00:00:00', 'Music Books Price List', 'noticeboard/music_books_price_list/2013-07-04_10:00:00');
INSERT INTO `component` (`id`, `class`, `template_id`, `content`, `style`, `date_created`, `last_modified`, `description`, `detail_url`) VALUES
(12, 'component', 7, '{"artTitle":"Beats & Pieces - Volume 1, Issue 3","artTime":"2012-10-06 13:28:01","artAuthorAnchor":"Timothy Muritu","artParagraph":"<p>Beats and pieces is an online magazine for parents with children, aged between 6 and 13 inclusive, taking music lessons.The editorials, interviews and features are compiled by music teachers and practitioners to help parents cope with their children''s musical developments.<\\/p>\\r\\n\\t\\t<div class=\\"object\\"><object classid=\\"clsid:D27CDB6E-AE6D-11cf-96B8-444553540000\\" style=\\"width:420px;height:298px\\" ><param name=\\"movie\\" value=\\"http:\\/\\/static.issuu.com\\/webembed\\/viewers\\/style1\\/v2\\/IssuuReader.swf?mode=mini&amp;embedBackground=%234393cd&amp;backgroundColor=%23222222&amp;documentId=121030163444-8283424a19f645fab068faba57b6ae3f\\" \\/><param name=\\"allowfullscreen\\" value=\\"true\\"\\/><param name=\\"menu\\" value=\\"false\\"\\/><param name=\\"wmode\\" value=\\"transparent\\"\\/><embed src=\\"http:\\/\\/static.issuu.com\\/webembed\\/viewers\\/style1\\/v2\\/IssuuReader.swf\\" type=\\"application\\/x-shockwave-flash\\" style=\\"width:420px;height:298px\\" flashvars=\\"mode=mini&amp;embedBackground=%234393cd&amp;backgroundColor=%23222222&amp;documentId=121030163444-8283424a19f645fab068faba57b6ae3f\\" allowfullscreen=\\"true\\" menu=\\"false\\" wmode=\\"transparent\\" \\/><\\/object><div style=\\"width:420px;text-align:left;\\"><a href=\\"http:\\/\\/issuu.com\\/beatsnpieces\\/docs\\/vol_1_issue_3?mode=window\\" target=\\"_blank\\">Open publication<\\/a> - Free <a href=\\"http:\\/\\/issuu.com\\" target=\\"_blank\\">publishing<\\/a> - <a href=\\"http:\\/\\/issuu.com\\/search?q=bol%20pianos\\" target=\\"_blank\\">More bol pianos<\\/a><\\/div><\\/div>","artReadMore":"<a href=\\"*news\\/beats_&_pieces_volume_1_issue_3\\/2012-10-06_13:28:01\\">read more<\\/a>"}', '', '0000-00-00 00:00:00', '0000-00-00 00:00:00', 'Beats & Pieces - Volume 1, Issue 3', 'news/beats_&_pieces_volume_1_issue_3/2012-10-06_13:28:01'),
(13, 'component', 7, '{"artTitle":"SOUL KENYA 2013 - FINAL CONCERT","artTime":"2013-03-26 20:00:00","artAuthorAnchor":"Timothy Muritu","artParagraph":"<p>DATE & TIME: Thursday May 16<sup>th<\\/sup>, 2013 at 6:30 pm; VENUE: The National Museum of Kenya, Louis Leakey Auditorium; TICKETS: Conservatoire Students and Children Below 12 years: 300KShs. Adults: 500KShs. Conservatoire Members: 200KShs<\\/p>","artReadMore":"<a href=\\"soul">read more<\\/a>"}', '', '2013-03-26 20:00:00', '0000-00-00 00:00:00', 'SOUL KENYA 2013 - FINAL CONCERT', 'soul'),
(14, 'component', 7, '{"artTitle":"Acoustic Alchemy Concert DVD","artTime":"2013-08-23 12:44:01","artAuthorAnchor":"Timothy Muritu","artParagraph":"<p>Acoustic Alchemy 2013 DVD''s are now available for sale at the Main office of The Kenya Conservatoire of Music.<\\/p><p>Come get your copy now while stocks last.<\\/p><p>Each DVD is going for <strong>ksh.1000/-<\\/strong><\\/p><img src=\\"\\/images\\/content\\/acoustic_alchemy_cover.jpg\\"\\/>","artReadMore":"<a href=\\"*news\\/acoustic_alchemy_concert_dvd\\/2013-08-23_12:44:01\\">read more<\\/a>"}', '', '0000-00-00 00:00:00', '0000-00-00 00:00:00', 'Acoustic Alchemy Concert 2013 DVD', '/acoustic_alchemy_concert_dvd/2013-08-23_12:44:01'),
(15, 'content event', 1, '{"evTitle":"Classics at the GoDown","evImage":"class=\\"center\\" src=\\"*images\\/events\\/classics_2012_11_03_lowres.jpg\\" alt=\\"Classics at the Godown\\" data-fullsrc=\\"*images\\/events\\/classics_2012_11_03_highres.jpg\\"","evDate":"2012-11-03 19:00:00","evVenue":"The GoDown Arts Centre","evTickets":"300 KShs","evDescription":"<p><a href=\\"\\/images\\/Classics%20at%20the%20Go%20Down%20Draft%20Program.pdf\\">Download Concert Program Here <\\/a><\\/p>\\r\\n<p>&nbsp;<\\/p>\\r\\n<p>The Kenya Conservatoire of Music in collaboration with the Godown Arts Centre warmly invites you to the exciting Classics at the Go Down Annual Concert!<\\/p>\\r\\n<p>&nbsp;<\\/p>\\r\\n<p>This year''s event will show case outstanding performances from the world reknown Nairobi Chamber Chorus conducted by Ken Wakia, the Kenya Conservatoire of Music Orchestra conducted by Levi Wataka, Cantus in Choro, Daniel Onyango and his band, and other solo\\/ensemble items by students and friends of the Conservatoire.&nbsp;<\\/p>\\r\\n<p>&nbsp;<\\/p>\\r\\n<p>Date:&nbsp;&nbsp;&nbsp;&nbsp;<strong>&nbsp; Saturday 3rd November 2012<\\/strong><\\/p>\\r\\n<p>Venue:&nbsp; <strong>&nbsp; T<\\/strong><b>he Godown Arts Centre<\\/b> (L<b><i>ocated on Lusaka Road, off Dunga Road, Next to Car and General)<\\/i><\\/b><\\/p>\\r\\n<p>Time:<b>&nbsp;&nbsp;&nbsp;&nbsp;&nbsp; 7:00pm<\\/b>.<\\/p>\\r\\n<p>Charges: <strong>Ksh. 300\\/-<\\/strong><\\/p>\\r\\n<p>&nbsp;<\\/p>\\r\\n<p>&nbsp;<\\/p>\\r\\n<p>You may download a copy of the program from the following link:<\\/p>\\r\\n<p>&nbsp;<\\/p>\\r\\n<p>&nbsp;<a href=\\"\\/images\\/events\\/programs\\/Classics%20at%20the%20Go%20Down%20Draft%20Program.pdf\\">Download Concert Program Here <\\/a><\\/p>\\r\\n<p>&nbsp;<\\/p>\\r\\n<p>&nbsp;<\\/p>\\r\\n<p>In case of queries, please contact:<\\/p>\\r\\n<p>&nbsp;<\\/p>\\r\\n<p>&nbsp;<\\/p>\\r\\n<p>EVERLYNE KIRIMA<\\/p>\\r\\n<p>PROGRAMMES COORDINATOR<\\/p>\\r\\n<p style=\\"margin-bottom: 0.0001pt;\\">Tel: 0720962288\\/0737227903<\\/p>\\r\\n<p style=\\"margin-bottom: 0.0001pt;\\">Email: programmes@conservatoire.co.ke<\\/p>\\r\\n"}', '', '0000-00-00 00:00:00', '0000-00-00 00:00:00', 'classics at the godown', 'calendar/classics_at_the_godown/2012-11-03_19:00:00'),
(16, 'intro component', 5, '{"inTitle":"The Conservatoire","inImage":"<img src=\\"images\\/content\\/conservatoire_premises.jpg\\" alt=\\"The Kenya Conservatoire of Music premises\\" \\/>","inParagraph":"<h2>History of The Conservatoire<\\/h2>\\t\\r\\n<p>The Kenya Conservatoire of Music was founded in 1944 as The East Africa Conservatoire of Music. From a purely expatriate teaching staff and clientele, we have grown to a student base of over 400 students of all ages and backgrounds in Nairobi. We are a non-profit making institution with no religious or political affiliation.<\\/p>\\r\\n<h2>About The Conservatoire<\\/h2>\\r\\n<p>Equipped with a staff of 15 highly qualified and committed teachers (both local and expatriate), our main focus is on ensuring that our students not only receive first quality training in music, but more importantly that they enjoy the practice and challenges of making music. The lessons are given both at our premises within the Kenya Cultural Centre, and at various schools that our teachers visit weekly. In total, we offer training to over three hundred students around Nairobi.<\\/p>\\r\\n<h3>Our Mission<\\/h3>\\r\\n<p>Working to teach and promote good music of all styles in Kenya.<\\/p>\\r\\n<h3>Our Vision<\\/h3>\\r\\n<p>To ensure that every child has an opportunity to experience the benefits of learning to play\\/ sing music.<\\/p>\\r\\n<h3>Our Curriculum<\\/h3>\\r\\n<p>Our curriculum caters for the musical needs of every individual while at all times ensuring that the skills acquired are measurable at international standards through examinations of the Associated Board of the Royal Schools of Music. We also cover all aspects of the IGCSE music curriculum.<\\/p>"}', '', '0000-00-00 00:00:00', '0000-00-00 00:00:00', '', NULL),
(17, 'content', 0, '"<h1>Teaching Rooms<\\/h1>\\r\\n\\r\\n<p>We have 12 teaching rooms at <a href=\\"\\/facilities\\/cultural_centre\\">The Kenya Cultural Centre<\\/a> and 3 at <a href=\\"\\/facilities\\/godown\\">The GoDown Arts Centre<\\/a>, each sound proofed and equipped with a piano. The student is assured of a high quality learning environment.\\r\\n\\r\\n<h1>Practice Rooms<\\/h1>\\r\\n\\r\\n<p>Our practice facilities include 3 teaching rooms at the KCC branch that double up as practice rooms and 3 that are at the GoDown Arts Centre. These are available for students to practice for one hour daily (Monday to Friday) at no charge, after having filled in a form to schedule their practice time. Non-students are not allowed to practice at the Conservatoire unless they are members of the Conservatoire. To become a member of the Conservatoire, one is required to pay an annual fee of Ksh. 1,200\\/-. The practice facilities can thereafter be availed once the practice form has been filled in. The practice rooms are managed strictly on a first come first served basis.<\\/p>\\r\\n\\r\\n<h1>Ballet \\/ Dance Studio<\\/h1>\\r\\n\\r\\n<p>The Conservatoire is home to the Madame Vera Zerkovitz ballet studio. This ballet studio is suitable for small concerts and workshops and is also available for hire by other artistic groups for example modern dance and drama groups at Ksh. 2,000\\/- per hour. The studio is equipped with a piano, mirrors and washroom facilities.<\\/p>\\r\\n\\r\\n<h1>Hiring of Instruments<\\/h1>\\r\\n\\r\\n<p>Many orchestral instruments are available to registered students, depending on their availability, for a hire fee of Ksh. 1,000\\/- per month. Saxophones, Tubas, Trumpets, Tromboned and Cellos are hired out at Ksh. 2,000\\/- per month. Pianos are hired out to students and non-students alike so long as the hire fees are paid. The hire fees are dependent on which type of piano is being rented out and the duration of the rental.<\\/p>\\r\\n\\r\\n<h1>The Library<\\/h1>\\r\\n\\r\\n<p>Located at the Go Down Branch, our library is well equipped with sheet music for all instruments and with audio recordings for student use as well as Music Literature for students of Music Theory and History. A registered student gains access to the library after paying a refundable deposit of Ksh. 2000 and a non-refundable access fee of Ksh. 1200\\/- per year. Registered members have a pay the access fee at a discounted rate of Ksh. 500\\/- per year. Please note that a student is not automatically a member of the Conservatoire, as highlighted in the schedule of fees.<\\/p>"', '', '2012-11-29 06:43:00', '2012-11-29 06:51:16', 'Teaching Rooms, Practice Rooms, Hiring of Instruments, The Library, Ballet / Dance Studio', NULL),
(18, 'component', 0, '"<p>All Fees are quoted in Kenya Shillings<br \\/>\\r\\nUnless otherwise quoted, all fees in the schedule below are non-refundable.<\\/p>\\r\\n<h1>Student Registration Fee<\\/h1>\\r\\n\\r\\n<table><tbody><tr><td class=\\"left\\">(Applicable to All New Students and Returning Alumni who have been away for two or more years)<\\/td><td class=\\"right\\">200\\/-<\\/td><\\/tr><\\/tbody><\\/table>\\r\\n<h1>Lesson Fees<\\/h1>\\r\\n<p>Payable in advance (1 or 2 installments only)<\\/p>\\r\\n<h2>Individual Tuition (one-on-one lessons)<\\/h2>\\r\\n<table><tbody><tr><td class=\\"left\\">30 minute lessons (12 lessons at 900\\/-)<\\/td><td class=\\"right\\">10,800\\/-<\\/td><\\/tr>\\r\\n<tr><td class=\\"left\\">45 minute lessons (12 lessons at 1,350\\/-)<\\/td><td class=\\"right\\">16,200 \\/-<\\/td><\\/tr>\\r\\n<tr><td class=\\"left\\">60 minute  lessons<\\/td><td class=\\"right\\"><\\/td><\\/tr>\\r\\n<tr><td class=\\"left tabbed\\">Grade 8 level and below (12 lessons at 1,800\\/-)<\\/td><td class=\\"right\\">21,600\\/-<\\/td><\\/tr>\\r\\n<tr><td class=\\"left tabbed\\">Diploma Level (12 lessons at 2,500\\/-)<\\/td><td class=\\"right\\">30,000\\/-<\\/td><\\/tr><\\/tbody><\\/table>\\r\\n<h2>Group Tuition:<\\/h2>\\r\\n<table><tbody><tr><td class=\\"left\\">Guitar Group Lessons<\\/td><td class=\\"right\\">500\\/- per hour<\\/td><\\/tr><\\/tbody><\\/table>\\r\\n<h1>Library Fees<\\/h1>\\r\\n<table><tbody><tr><td class=\\"left\\">Refundable Deposit (All Library Users)<\\/td><td class=\\"right\\"> 2,000\\/-<\\/td><\\/tr>\\r\\n<tr><td class=\\"left\\">Annual Fee for  Non-members (Non-refundable) <\\/td><td class=\\"right\\">1,200\\/- per annum<\\/td><\\/tr>\\r\\n<tr><td class=\\"left\\">Annual Fee for  Members (Non-refundable) <\\/td><td class=\\"right\\"> 500\\/- per annum <\\/td><\\/tr><\\/tbody><\\/table>\\r\\n<h1>Instrument Hire Fees<\\/h1>\\r\\n<p><strong>Hire Fees<\\/strong> apply to all available instruments <strong>excluding Cellos, Tubas, Pianos and Saxophones<\\/strong>. All instruments <strong>(except pianos)<\\/strong> are rented to registered students only<\\/p>\\r\\n<table><tbody><tr><td class=\\"left\\"> Refundable Deposit<\\/td><td class=\\"right\\">5,000\\/-<\\/td><\\/tr>\\r\\n<tr><td class=\\"left\\">Fee Per Term<\\/td><td class=\\"right\\">4,000\\/-<\\/td><\\/tr><\\/tbody><\\/table>\\r\\n<h1>Fees for the Hire of the Ballet Studio<\\/h1>\\r\\n<table><tbody><tr><td class=\\"left\\"> Refundable Deposit<\\/td><td class=\\"right\\"> 10,000\\/-<\\/td><\\/tr>\\r\\n<tr><td class=\\"left\\"> Fee per Hour<\\/td><td class=\\"right\\"> 2,000\\/-<\\/td><\\/tr><\\/tbody><\\/table>\\r\\n<a name=\\"other_fees\\"><h1>Other Fees<\\/h1><\\/a>\\r\\n<h2>Conservatoire Membership Subscription Fee<\\/h2>\\r\\n<table><tbody><tr><td class=\\"left\\">Conservatoire Membership Subscription Fee<\\/td><td class=\\"right\\">1,200\\/- per annum<\\/td><\\/tr>\\r\\n<\\/tbody><\\/table>\\r\\n<p>You will receive a membership card that entitles you to:\\r\\n<ul class=\\"bullets\\">\\r\\n<li>A free Calendar of Events for the year 2013<\\/li>\\r\\n<li>Subsidized Ticket fees at all Concerts<\\/li>\\r\\n<li>Subsidized Library Membership Fee<\\/li>\\r\\n<li>Purchase selected Conservatoire products at a subsidized rate<\\/li>\\r\\n<\\/ul>\\r\\n<span class=\\"italic\\">Please note that a student DOES NOT automatically become a member<\\/span><\\/p>\\r\\n<h2>Orchestra Membership Subscription Fee<\\/h2>\\r\\n<table><tbody><tr><td class=\\"left\\">Orchestra Membership Subscription Fee<\\/td><td class=\\"right\\">1,200\\/- per annum<\\/td><\\/tr>\\r\\n<\\/tbody><\\/table>\\r\\n<h2>Ensemble Subscription Fee<\\/h2>\\r\\n<table><tbody><tr><td class=\\"left\\">Ensemble Subscription Fee<\\/td><td class=\\"right\\">1,200\\/- per annum<\\/td><\\/tr>\\r\\n<\\/tbody><\\/table>\\r\\n<p>(Conservatoire Children''s Choir, Kompl8 Vocal Octet, Conservatoire Senior Choir)<\\/p>"', '', '2013-01-14 00:00:00', '2013-01-14 00:00:00', 'fee structure', NULL),
(19, 'message', 0, '"<h1>Director''s Welcome Message<\\/h1>\\r\\n\\r\\n<div class=\\"pic-card\\">\\r\\n<div class=\\"img\\">\\r\\n<img src=\\"images\\/system\\/no-photo.png\\" alt=\\"no photo\\">\\r\\n<\\/div>\\r\\n<div class=\\"pic-details\\">\\r\\n<h2>Corrine Towett<\\/h2>\\r\\n<span class=\\"italic\\">Bachelor of Music, Dip. ABRSM - Conducting<\\/span>\\r\\n<\\/div>\\r\\n<\\/div>\\r\\n<p>Equipped with a teaching staff of 28 highly qualified and committed teachers (both local and expatriate), the Conservatoire''s main focus is to ensuring that our students not only receive first quality training in music, but more importantly that they enjoy the practice and challenges of making music. <\\/p>\\r\\n<p>The lessons are given both at our premises within the Kenya Cultural Centre, at our Satellite Branch at the Go Down Arts Centre and at various schools that our teachers visit weekly. Every year, we offer training to an average of 400 students.<\\/p>\\r\\n<p>The Conservatoire is a non-profit making institution with no religious or political affiliation.<\\/p>"', '', '2013-01-15 00:00:00', '2013-01-15 00:00:00', 'director''s message', NULL),
(20, 'content', 0, '"<h1>History<\\/h1>\\r\\n<p>The Kenya Conservatoire of Music was founded in 1944 as The East Africa Conservatoire of Music. From a purely expatriate teaching staff and clientele at its inception, the Conservatoire has grown to a student base of over 400 students of all ages and backgrounds in Nairobi. <\\/p>\\r\\n\\r\\n<h1>Mission and Vision<\\/h1>\\r\\n\\r\\n<h2>Our Mission:<\\/h2>\\r\\n<p>Working to promote quality music education and the superior performance of music of all styles in Kenya.<\\/p>\\r\\n\\r\\n<h2>Our Vision:<\\/h2>\\r\\n<p>To ensure that every interested individual has an opportunity to experience the benefits of learning to make music.<\\/p>\\r\\n<h1>Governance<\\/h1>\\r\\n<p>The Director of the Conservatoire reports to The Conservatoire Council. The Council is composed of members from various professions who have a great appreciation for music and a passion for quality music education. The Council members voluntarily offer their time and management expertise and help keep the institution on track in the area of service delivery.<\\/p>\\r\\n\\r\\n<h2>The Conservatoire Council<\\/h2>\\r\\n<dl> \\r\\n<dt>Isaac O. Awuondo <\\/dt>&#09;<dd>- Chairman<\\/dd>\\r\\n<dt>Atigala Luvai<\\/dt><dd>- Member<\\/dd>\\r\\n<dt>Betty Radier<\\/dt><dd>- Member<\\/dd>\\r\\n<dt>Christine Mutungi<\\/dt><dd>- Member <\\/dd>\\r\\n<dt>Fernanda da Gama Rose<\\/dt><dd>- Member <\\/dd>\\r\\n<dt>Francis Oludhe<\\/dt><dd>- Member<\\/dd>\\r\\n<dt>James King''ara<\\/dt><dd>- Member<\\/dd>\\r\\n<dt>Katherine MacIntyre<\\/dt><dd>- Member<\\/dd>\\r\\n<dt>Valerie Kent<\\/dt><dd>- Member<\\/dd>\\r\\n<dt>Corrine Towett<\\/dt><dd>- Ex-Officio member<\\/dd>\\r\\n<\\/dl>\\r\\n\\r\\n<h2>The Administrative Team<\\/h2>\\r\\n<dl>\\r\\n<dt>Corrine Towett<\\/dt><dd>- Director<\\/dd>\\r\\n<dt>Rosemary Kilonzi<\\/dt><dd>- Secretary<\\/dd>\\r\\n<dt>John Kahihu<\\/dt><dd>- Accountant<\\/dd>\\r\\n<dt>Everlyne Wafula<\\/dt><dd>- Programmes Coordinator<\\/dd>\\r\\n<dt>Seth Vosena Busolo<\\/dt><dd>- Support Staff<\\/dd>\\r\\n<dt>John Kinuthia<\\/dt><dd>- Support Staff<\\/dd>\\r\\n<dt>Margaret Bonareri<\\/dt><dd>- Support Staff<\\/dd>\\r\\n<\\/dl>"', '', '2013-01-15 00:00:00', '2013-01-15 00:00:00', 'about the Kenya Conservatoire of Music', NULL),
(21, 'content', 0, '"<p>To serve our increasing clientele, The Kenya Conservatoire of Music opened another teaching and learning facility at The GoDown Arts Centre in 2008. The GoDown is located on Dunga Road off Lusaka Road in South B, right after Car and General.<\\/p>\\r\\n<p>The location of this annex of The Conservatoire means that our clients in South B, South C, Nairobi West, Lang''ata, Embakassi no longer have to battle Nairobi traffic to get to their lessons.<\\/p>\\r\\n<p>Within this secure and spacious environment that is easily accessible to most Nairobians, you can get formal music instruction in singing, guitar, piano, drums as well as brand new practice facilities at very subsidized rates. This is a place for everyone, and form four leavers are especially encouraged to come in and \\"have a go\\" at unleashing their full musical potential.<\\/p>\\r\\n<p>Students will find very dedicated teachers to enable them to experience this once in a lifetime opportunity to learn a musical instrument. For more information about us and why we think music is vital for your child, please call us or simply visit us at the GoDown Arts Centre.<\\/p>\\r\\n "', '', '2013-01-21 12:00:00', '2013-03-08 05:00:00', 'Conservatoire at the GoDown', ''),
(22, 'content event', 0, '"<h1 class=\\"event_title\\">The Conservatoire Orchestra Concert<\\/h1>\\r\\n\\t<img class=\\"center\\" src=\\"\\/images\\/events\\/conservatoire_orchestra_concert-17-3-13.jpg\\" alt=\\"Conservatoire Orchestra Concert\\"\\/>\\r\\n\\t<p>The Combined Orchestras of the Conservatoire warmly welcome you to a grand celebration of enchanting music on Sunday, 17<sup>th<\\/sup> of March, 2013. <\\/p>\\r\\n<p>The lineup will include popular works from the field of classical music as well as performances of pieces of music composed or arranged by various Kenyan\\/Kenya-Affiliated composers, conducted by Levi Wataka and Corrine Towett:<\\/p>\\r\\n\\r\\n<h2>Combined Orchestras<\\/h2>\\r\\n<table><tbody><tr><td>William Tell Overture <\\/td>\\t<td>G. Rossini<\\/td><\\/tr>\\r\\n<tr><td>Radetzky March <\\/td>\\t<td> J. Strauss<\\/td><\\/tr>\\r\\n<\\/tbody><\\/table>\\r\\n\\r\\n\\r\\n<h2>Symphony Orchestra <\\/h2>\\r\\n<table><tbody><tr><td>Valse Triste  \\t<\\/td>\\t\\t<td>J. Sibelius<\\/td><td><\\/td><\\/tr>\\r\\n\\r\\n<tr><td>Spring from \\"The Seasons\\" <\\/td>\\t<td>A. Vivaldi<\\/td>\\t<td>Soloist: David Ralak (First Movement only) <\\/td><\\/tr><\\/tbody><\\/table>\\r\\n\\r\\n<h2>Prelude Orchestra<\\/h2>\\r\\n<table><tbody><tr><td>Arab Dance from \\"The Nutcracker\\"<\\/td>\\t<td>Arr. Jeff Manookan<\\/td><\\/tr>\\r\\n<tr><td>Pomp and Circumstance<\\/td>\\t\\t<td>Arr. Jeff Manookan<\\/td><\\/tr>\\r\\n<tr><td>Theme from \\"Jupiter\\" <\\/td>\\t\\t<td>Arr. C. Towett<\\/td><\\/tr><\\/tbody><\\/table>\\r\\n\\r\\n<h2>Combined Orchestras, Group Guitar Class, Cantus in Choro and the Conservatoire Female Chorus<\\/h2>\\r\\n<table><tbody><tr><td>Conte Partiro<\\/td>\\t\\t\\t<td>F. Sartori<\\/td>\\t\\t<td>Performed by Nancy Day and Sylvester Makobi<td><\\/tr>\\r\\n<tr><td>For the Beauty of the earth<\\/td>\\t<td>J. Rutter<\\/td>\\t\\t<td>Performed by Conservatoire Female Chorus<\\/td><\\/tr><tr><td>Sarafina\\t<\\/td>\\t<td>Arr. J. Watatua<\\/td><td>Performed by Conservatoire Female Chorus<\\/td><\\/tr>\\r\\n<tr><td>Githurai to Galway<\\/td>\\t\\t<td>Arr. Jim Pywell<\\/td>\\t\\t<td>All performers combined<\\/td><\\/tr><\\/tbody><\\/table><br \\/><div class=\\"event_tvt\\">\\r\\n\\t\\t<h2>DATE & TIME:<\\/h2>\\r\\n\\t\\t<h3>Sunday March 17th, 2013 at 3:00 pm<\\/h3>\\t\\t\\r\\n\\t\\t<h2>VENUE:<\\/h2><h3>Trinity Centre Auditorium, All Saints Cathedral<\\/h3>\\r\\n\\t\\t<h2>TICKETS:<\\/h2><h3>Children: 300KShs (12 years and below)<br \\/>Adults: 500KShs<br \\/>Conservatoire Members: 200KShs<\\/h3>\\r\\n\\t<\\/div><br \\/>\\r\\n\\r\\n<p>Kindly direct all queries to Everlyne on:<\\/p>\\r\\n<p>programmes@conservatoire.co.ke<\\/p>\\r\\n<p>0720 962 288 \\/ 0737 227 903<\\/p><\\/p>"', '', '2012-11-28 19:50:38', '2012-11-28 19:50:38', 'The Conservatoire Orchestra Concert', 'calendar/the_conservatoire_orchestra_concert/2013-03-17_15:00:00'),
(23, 'content', 0, '"<p>These are courses suitable for teachers of instrumental music who would like to obtain formal credentials and a stronger foundation in music education:<\\/p>\\r\\n<h1>PIANO PEDAGOGY<\\/h1>\\r\\n<p><strong>KPP100:<\\/strong> Certificate in Piano Pedagogy<\\/p>\\r\\n<p><strong>KPP200:<\\/strong> Higher Certificate in Piano Pedagogy<\\/p>\\r\\n<p><strong>KPP300:<\\/strong> Diploma in Piano Pedagogy<\\/p>\\r\\n\\r\\n<h1>BOWED STRINGS PEDAGOGY<\\/h1>\\r\\n<p><strong>BST100:<\\/strong> Certificate in the Teaching of Bowed String Instruments<\\/p>\\r\\n<p><strong>BST200:<\\/strong> Higher Certificate in the Teaching of Bowed String Instruments<\\/p>\\r\\n<p><strong>BST300:<\\/strong> Diploma in the Teaching of Bowed String Instruments<\\/p>"', '', '2013-03-07 12:00:00', '2013-03-07 12:00:00', '', NULL),
(24, 'content', 0, '"<p>Individual Tuition is offered on the following instruments:<\\/p>\\r\\n<ul class=\\"bullets\\"><li>Piano<\\/li>\\r\\n<li>Organ (Coming soon!)<\\/li><\\/ul>\\r\\n\\r\\n<p>Fees for Individual Tuition: <a target=\\"_blank\\" href=\\"\\/academics\\/fee_schedule\\">Click Here<\\/a><\\/p>\\r\\n<H1>CERTIFICATE AND DIPLOMA COURSES<\\/H1>\\r\\n<H2>KYB100: CERTIFICATE IN PIANO ACCOMPANIMENT<\\/H2>\\r\\n<h3>Pre-requisites:<\\/h3>\\r\\n<ul class=\\"bullets\\"><li>ABRSM Grade 7 Piano Performance with a pass in all sections<\\/li>\\r\\n<br \\/>OR\\r\\n<li>ABRSM Grade 8 Piano attempt with a pass in at least two sections<\\/li><\\/ul>\\r\\n<h3>Fees:<\\/h3>\\r\\n<p >Ksh. 36,000\\/- for 24 sessions (Ksh. 1,500\\/- per 2 hour session) Payable in four installments<\\/p>\\r\\n\\r\\n<H2>KYB200: DIPLOMA IN PIANO ACCOMPANIMENT <\\/H2>\\r\\n<h3>Pre-requisites:<\\/h3>\\r\\n<ul class=\\"bullets\\"><li>KYB100<\\/li>\\r\\n<br \\/>OR\\r\\n<li>ABRSM Grade 8 Piano Performance with a pass in all sections<\\/li>\\r\\n<br \\/>OR\\r\\n<li>Attempt at the ABRSM Diploma in Piano Performance with a pass in at least two sections<\\/li><\\/ul>\\r\\n<h3>Fees:<\\/h3>\\r\\n<p>Ksh. 48,000\\/- for 24 sessions (Ksh. 2,000\\/- per 2 hour session) Payable in four installments<\\/p>\\r\\n<h3>Note: <\\/h3>\\r\\n<p>For the above two courses:<\\/p>\\r\\n<ul class=\\"bullets\\"><li>Classes will commence once a minimum of 4 participants have registered. <\\/li>\\r\\n<li>Successful participants will be nominated for piano accompaniment in various competitions within Kenya.<\\/li><\\/ul>\\r\\n"', '', '0000-00-00 00:00:00', '0000-00-00 00:00:00', '', NULL),
(25, 'content event', 0, '"<h1 class=\\"event_title\\">End of Term Concert<\\/h1>\\r\\n\\t<img class=\\"center\\" src=\\"\\/images\\/events\\/endofterm_14-04-13.jpg\\" alt=\\"End of Term Concert\\"\\/>\\r\\n\\t<p><div class=\\"event_tvt\\">\\r\\n\\t\\t<h2>DATE & TIME:<\\/h2>\\r\\n\\t\\t<h3>Sunday April 14<sup>th<\\/sup>, 2013 at 3:00 pm<\\/h3>\\t\\t\\r\\n\\t\\t<h2>VENUE:<\\/h2><h3>Braeside Theater, Lavington (Muthangari Road)<\\/h3>\\r\\n\\t\\t<h2>TICKETS:<\\/h2><h3>Conservatoire Students and Children Below 12 years: 300KShs<br \\/>Adults: 500KShs<br \\/>Conservatoire Members: 200KShs<\\/h3><br \\/>\\r\\n\\t<\\/div><br \\/>\\r\\n\\r\\n<p>Kindly direct all queries to Everlyne on:<\\/p>\\r\\n<p>programmes@conservatoire.co.ke<\\/p>\\r\\n<p>0720 962 288 \\/ 0737 227 903<\\/p><\\/p>"', '', '2012-03-26 19:50:38', '2013-03-26 20:06:01', 'End of Term Concert', 'calendar/end_of_term/2013-04-14_15:00:00'),
(26, 'content disqus', 0, '"    <div id=\\"disqus_thread\\"><\\/div>\\r\\n    <script type=\\"text\\/javascript\\">\\r\\n        \\/* * * CONFIGURATION VARIABLES: EDIT BEFORE PASTING INTO YOUR WEBPAGE * * *\\/\\r\\n        var disqus_shortname = ''kconserv''; \\/\\/ required: replace example with your forum shortname\\r\\n\\r\\n        \\/* * * DON''T EDIT BELOW THIS LINE * * *\\/\\r\\n        (function() {\\r\\n            var dsq = document.createElement(''script''); dsq.type = ''text\\/javascript''; dsq.async = true;\\r\\n            dsq.src = ''\\/\\/'' + disqus_shortname + ''.disqus.com\\/embed.js'';\\r\\n            (document.getElementsByTagName(''head'')[0] || document.getElementsByTagName(''body'')[0]).appendChild(dsq);\\r\\n        })();\\r\\n    <\\/script>\\r\\n    <noscript>Please enable JavaScript to view the <a href=\\"http:\\/\\/disqus.com\\/?ref_noscript\\">comments powered by Disqus.<\\/a><\\/noscript>\\r\\n    <a href=\\"http:\\/\\/disqus.com\\" class=\\"dsq-brlink\\">comments powered by <span class=\\"logo-disqus\\">Disqus<\\/span><\\/a>\\r\\n    "', '', '2013-04-02 00:00:00', '2013-04-02 00:00:00', '', NULL),
(27, 'component important', 0, '"<h2 style=\\"text-align: center;\\">Offices Closed<\\/h2>\\r\\n<div style=\\"text-align: center;border: 1px solid #0000ff; background-color: rgba(0,0,255,0.3); -moz-border-radius: 4px; -webkit-border-radius: 4px; border-radius: 4px;\\"><span class=\\"italic\\">Please note that our offices will be closed on the following days:<\\/span> <br \\/><span><strong>15<sup>th<\\/sup>, 16<sup>th<\\/sup>, 17<sup>th<\\/sup>, and the 20<sup>th<\\/sup> of April<\\/strong> <\\/span>\\r\\n<div>&nbsp;<\\/div>\\r\\n<\\/div>"', '', '2013-04-10 00:00:00', '2013-04-10 00:00:00', '', NULL),
(28, 'content event', 0, '"<a href=\\"http://www.conservatoire.co.ke/soul_itinerary\\">RESERVE THE SOUL KENYA 2013 TEAM<\\/a><p><\\/p><\\/br><img src=\\"\\/images\\/events\\/soul_kenya_2013.jpg\\" alt=\\"SOUL Kenya 2013\\" style=\\"width: 35%; display:inline-block;\\" \\/><div style=\\"width: 60%; display:inline-block; vertical-align: top;\\">\\r\\n<p><strong>Singers Of United Lands (SOUL)<\\/strong>&nbsp;is a <strong>non-profit<\\/strong> organization that was incorporated in 2002 in the United States of America, that seeks to <em>Develop International and Cultural Relationships through Vocal Music from around the World. <\\/em>S.O.U.L. is a unique quartet of four <strong>professional young adult singers<\\/strong> - each from a different country\\/continent.&nbsp; Every year&nbsp;a new team of four singers representing <strong>high-quality vocal musicianship, geographical diversity, and enthusiasm for sharing about their respective cultures<\\/strong>, is formed to share their native songs and cultures with schools and communities throughout the U.S. and beyond. They perform songs which are native to their home countries and give interactive workshops, presentations, performances, and lessons for audiences of all ages. All programming is conducted in English and features the four singers'' native songs and various aspects of their respective cultures.<\\/p>\\r\\n<p>In light of its mandate to promote the teaching and performance of excellent music of all styles in Kenya, the Conservatoire partnered with the SOUL program and introduced it in Kenya In 2012. The Group comprising of singers from India, Bolivia, Poland and Namibia had an African Tour that premiered in Kenya. For two weeks, the group visited a selected number of schools, colleges and other venues and interacted with the audiences, teaching various things about their native countries through workshops, songs and concerts. They then proceeded to do the same in Zambia and Zimbabwe.<\\/p>\\r\\n<p>The SOUL-Kenya 2013 chapter which features a Quartet comprising of singers from Guatemala, Philippines, Ireland and Russia who will visit various schools and institutions and offer workshops about their countries including lessons in language, geography, culture and music.<\\/p>\\r\\n<p>All participants are required to pay a fee of Ksh. 300\\/- that will entitle them to workshop participation and free entrance to a concert that will be hosted by the SOUL Team on the 28th of April and 16th of May.<\\/p>\\r\\n<p>Check-out the <a href=\\"http:\\/\\/www.conservatoire.co.ke\\/soul_itinerary\\">SOUL-Kenya 2013 Itinerary<\\/a> to see when the team will visit an institution near you!!!<\\/p>\\r\\n<\\/div><p style=\\"font-weight: 600; font-size: 18px; line-height: 1.2;\\">We value your feedback. Share with us your experience with SOUL-Kenya.<\\/p>\\r\\n <div id=\\"disqus_thread\\"><\\/div>\\r\\n    <script type=\\"text\\/javascript\\">\\r\\n        \\/* * * CONFIGURATION VARIABLES: EDIT BEFORE PASTING INTO YOUR WEBPAGE * * *\\/\\r\\n        var disqus_shortname = ''kconserv''; \\/\\/ required: replace example with your forum shortname\\r\\n\\r\\n        \\/* * * DON''T EDIT BELOW THIS LINE * * *\\/\\r\\n        (function() {\\r\\n            var dsq = document.createElement(''script''); dsq.type = ''text\\/javascript''; dsq.async = true;\\r\\n            dsq.src = ''\\/\\/'' + disqus_shortname + ''.disqus.com\\/embed.js'';\\r\\n            (document.getElementsByTagName(''head'')[0] || document.getElementsByTagName(''body'')[0]).appendChild(dsq);\\r\\n        })();\\r\\n    <\\/script>\\r\\n    <noscript>Please enable JavaScript to view the <a href=\\"http:\\/\\/disqus.com\\/?ref_noscript\\">comments powered by Disqus.<\\/a><\\/noscript>\\r\\n    <a href=\\"http:\\/\\/disqus.com\\" class=\\"dsq-brlink\\">comments powered by <span class=\\"logo-disqus\\">Disqus<\\/span><\\/a>\\r\\n    "', '', '2013-04-10 00:00:00', '2013-04-10 00:00:00', 'SOUL-Kenya 2013 poster, introduction and write-up', NULL),
(29, 'content', 0, '"<h2>Week 1<\\/h2>\\r\\n<table border=\\"0\\" cellspacing=\\"0\\" cellpadding=\\"0\\"><colgroup><col \\/> <col \\/> <col \\/> <col \\/> <col \\/> <\\/colgroup>\\r\\n<tbody>\\r\\n<tr>\\r\\n<td class=\\"xl73\\">\\r\\n<h3>&nbsp;Date<\\/h3>\\r\\n<\\/td>\\r\\n<td class=\\"xl74\\" style=\\"border-left: none; width: 60pt;\\" width=\\"80\\">&nbsp;<\\/td>\\r\\n<td class=\\"xl74\\" style=\\"border-left: none; width: 230pt;\\" width=\\"306\\">\\r\\n<h3>&nbsp;Venue<\\/h3>\\r\\n<\\/td>\\r\\n<td class=\\"xl74\\">\\r\\n<h3>Detail<\\/h3>\\r\\n<\\/td>\\r\\n<td class=\\"xl74\\">\\r\\n<h3>Time<\\/h3>\\r\\n<\\/td>\\r\\n<\\/tr>\\r\\n<tr>\\r\\n<td class=\\"xl68\\">22-Apr<\\/td>\\r\\n<td class=\\"xl67\\">Mon<\\/td>\\r\\n<td class=\\"xl67\\"><span style=\\"color: #339966;\\">&nbsp;Day Off<\\/span><\\/td>\\r\\n<td class=\\"xl67\\">&nbsp;<\\/td>\\r\\n<td class=\\"xl67\\">&nbsp;<\\/td>\\r\\n<\\/tr>\\r\\n<tr>\\r\\n<td class=\\"xl69\\">23-Apr<\\/td>\\r\\n<td class=\\"xl70\\">Tue<\\/td>\\r\\n<td class=\\"xl70\\"><span style=\\"color: #339966;\\">&nbsp;Day Off<\\/span><\\/td>\\r\\n<td class=\\"xl70\\">&nbsp;<\\/td>\\r\\n<td class=\\"xl70\\">&nbsp;<\\/td>\\r\\n<\\/tr>\\r\\n<tr>\\r\\n<td class=\\"xl68\\">24-Apr<\\/td>\\r\\n<td class=\\"xl67\\">Wed<\\/td>\\r\\n<td class=\\"xl67\\"><span style=\\"color: #339966;\\">&nbsp;Day Off<\\/span><\\/td>\\r\\n<td class=\\"xl67\\">&nbsp;<\\/td>\\r\\n<td class=\\"xl67\\">&nbsp;<\\/td>\\r\\n<\\/tr>\\r\\n<tr>\\r\\n<td class=\\"xl68\\">25-Apr<\\/td>\\r\\n<td class=\\"xl67\\">Thu<\\/td>\\r\\n<td class=\\"xl67\\"><span style=\\"color: #339966;\\">&nbsp;Day Off<\\/span><\\/td>\\r\\n<td class=\\"xl67\\">&nbsp;<\\/td>\\r\\n<td class=\\"xl67\\">&nbsp;<\\/td>\\r\\n<\\/tr>\\r\\n<tr>\\r\\n<td class=\\"xl68\\">26-Apr<\\/td>\\r\\n<td class=\\"xl67\\">Fri<\\/td>\\r\\n<td class=\\"xl67\\">Braeburn Garden Estate<\\/td>\\r\\n<td class=\\"xl67\\">&nbsp;Assembly<\\/td>\\r\\n<td class=\\"xl67\\">7:40am<\\/td>\\r\\n<\\/tr>\\r\\n<tr>\\r\\n<td class=\\"xl68\\">27-Apr<\\/td>\\r\\n<td class=\\"xl67\\">Sat<\\/td>\\r\\n<td class=\\"xl67\\">Oshwal Juniour High<\\/td>\\r\\n<td class=\\"xl67\\">&nbsp;Performance<\\/td>\\r\\n<td class=\\"xl67\\">6:00pm<\\/td>\\r\\n<\\/tr>\\r\\n<tr>\\r\\n<td class=\\"xl68\\">28-Apr<\\/td>\\r\\n<td class=\\"xl67\\">Sun<\\/td>\\r\\n<td class=\\"xl74\\">Braeburn Theatre, Gitanga Road<\\/td>\\r\\n<td class=\\"xl74\\">&nbsp;Concert<\\/td>\\r\\n<td class=\\"xl74\\">3.00pm<\\/td>\\r\\n<\\/tr>\\r\\n<\\/tbody>\\r\\n<\\/table>\\r\\n<h2>Week 2<\\/h2>\\r\\n<table border=\\"0\\" cellspacing=\\"0\\" cellpadding=\\"0\\">\\r\\n<tbody>\\r\\n<tr>\\r\\n<td class=\\"xl73\\">\\r\\n<h3>&nbsp;Date<\\/h3>\\r\\n<\\/td>\\r\\n<td class=\\"xl74\\" style=\\"border-left: none; width: 60pt;\\" width=\\"80\\">&nbsp;<\\/td>\\r\\n<td class=\\"xl74\\" style=\\"border-left: none; width: 230pt;\\" width=\\"306\\">\\r\\n<h3>&nbsp;Venue<\\/h3>\\r\\n<\\/td>\\r\\n<td class=\\"xl74\\">\\r\\n<h3>Detail<\\/h3>\\r\\n<\\/td>\\r\\n<td class=\\"xl74\\">\\r\\n<h3>Time<\\/h3>\\r\\n<\\/td>\\r\\n<\\/tr>\\r\\n<tr>\\r\\n<td class=\\"xl68\\">29-Apr<\\/td>\\r\\n<td class=\\"xl67\\">Mon<\\/td>\\r\\n<td class=\\"xl67\\">&nbsp;<span style=\\"color: #339966;\\">Day Off<\\/span><\\/td>\\r\\n<td class=\\"xl67\\">&nbsp;<\\/td>\\r\\n<td class=\\"xl67\\">&nbsp;<\\/td>\\r\\n<\\/tr>\\r\\n<tr>\\r\\n<td class=\\"xl69\\">30-Apr<\\/td>\\r\\n<td class=\\"xl70\\">Tue<\\/td>\\r\\n<td class=\\"xl70\\"><a href=\\"soul_itinerary\\/soul_reservation\\/30-Apr\\/morning_available\\">Morning Available<\\/a><\\/td>\\r\\n<td class=\\"xl70\\">&larr; click to book<\\/td>\\r\\n<td class=\\"xl70\\">&nbsp;<\\/td>\\r\\n<\\/tr>\\r\\n<tr>\\r\\n<td class=\\"xl66\\">&nbsp;<\\/td>\\r\\n<td class=\\"xl67\\">&nbsp;<\\/td>\\r\\n<td class=\\"xl67\\"><a href=\\"soul_itinerary\\/soul_reservation\\/30-Apr\\/afternoon_available\\">Afternoon Available<\\/a><\\/td>\\r\\n<td class=\\"xl67\\">&larr; click to book<\\/td>\\r\\n<td class=\\"xl67\\">&nbsp;<\\/td>\\r\\n<\\/tr>\\r\\n<tr>\\r\\n<td class=\\"xl68\\">01-May<\\/td>\\r\\n<td class=\\"xl67\\">Wed<\\/td>\\r\\n<td class=\\"xl74\\">Kenya Conservatoire of Music<span style=\\"mso-spacerun: yes;\\">&nbsp;<\\/span><\\/td>\\r\\n<td class=\\"xl74\\">Workshop<\\/td>\\r\\n<td class=\\"xl74\\">2.00pm<\\/td>\\r\\n<\\/tr>\\r\\n<tr>\\r\\n<td class=\\"xl73\\">&nbsp;<\\/td>\\r\\n<td class=\\"xl74\\">&nbsp;<\\/td>\\r\\n<td class=\\"xl74\\">Kenya Conservatoire of Music<span style=\\"mso-spacerun: yes;\\">&nbsp;<\\/span><\\/td>\\r\\n<td class=\\"xl74\\">Concert<\\/td>\\r\\n<td class=\\"xl74\\">4.00pm<\\/td>\\r\\n<\\/tr>\\r\\n<tr>\\r\\n<td class=\\"xl68\\">02-May<\\/td>\\r\\n<td class=\\"xl67\\">Thu<\\/td>\\r\\n<td class=\\"xl67\\"><a href=\\"soul_itinerary\\/soul_reservation\\/02-May\\/morning_available\\">Morning Available<\\/a><\\/td>\\r\\n<td class=\\"xl67\\">&larr; click to book<\\/td>\\r\\n<td class=\\"xl67\\">&nbsp;<\\/td>\\r\\n<\\/tr>\\r\\n<tr>\\r\\n<td class=\\"xl66\\">&nbsp;<\\/td>\\r\\n<td class=\\"xl67\\">&nbsp;<\\/td>\\r\\n<td class=\\"xl67\\">Oshwal Junior High<\\/td>\\r\\n<td class=\\"xl67\\">Workshop<\\/td>\\r\\n<td class=\\"xl67\\">12:00pm<\\/td>\\r\\n<\\/tr>\\r\\n<tr>\\r\\n<td class=\\"xl66\\">&nbsp;<\\/td>\\r\\n<td class=\\"xl67\\">&nbsp;<\\/td>\\r\\n<td class=\\"xl67\\"><a href=\\"soul_itinerary\\/soul_reservation\\/02-May\\/afternoon_available\\">Afternoon Available<\\/a><\\/td>\\r\\n<td class=\\"xl67\\">&larr; click to book<\\/td>\\r\\n<td class=\\"xl67\\">&nbsp;<\\/td>\\r\\n<\\/tr>\\r\\n<tr>\\r\\n<td class=\\"xl68\\">03-May<\\/td>\\r\\n<td class=\\"xl67\\">Fri<\\/td>\\r\\n<td class=\\"xl67\\"><a href=\\"soul_itinerary\\/soul_reservation\\/03-May\\/morning_available\\">Morning Available<\\/a><\\/td>\\r\\n<td class=\\"xl67\\">&larr; click to book<\\/td>\\r\\n<td class=\\"xl67\\">&nbsp;<\\/td>\\r\\n<\\/tr>\\r\\n<tr>\\r\\n<td class=\\"xl66\\">&nbsp;<\\/td>\\r\\n<td class=\\"xl67\\">&nbsp;<\\/td>\\r\\n<td class=\\"xl74\\">Braeburn Garden Estate<\\/td>\\r\\n<td class=\\"xl74\\">Workshop<\\/td>\\r\\n<td class=\\"xl74\\">1.45pm<\\/td>\\r\\n<\\/tr>\\r\\n<tr>\\r\\n<td class=\\"xl66\\">&nbsp;<\\/td>\\r\\n<td class=\\"xl67\\">&nbsp;<\\/td>\\r\\n<td class=\\"xl74\\">Oshwal Junior High<\\/td>\\r\\n<td class=\\"xl74\\">Workshop<\\/td>\\r\\n<td class=\\"xl74\\">3:00pm<\\/td>\\r\\n<\\/tr>\\r\\n<tr>\\r\\n<td class=\\"xl68\\">04-May<\\/td>\\r\\n<td class=\\"xl67\\">Sat<\\/td>\\r\\n<td class=\\"xl74\\"><span style=\\"color: #339966;\\">Day Off<\\/span><\\/td>\\r\\n<td class=\\"xl67\\">&nbsp;<\\/td>\\r\\n<td class=\\"xl67\\">&nbsp;<\\/td>\\r\\n<\\/tr>\\r\\n<tr>\\r\\n<td class=\\"xl68\\">05-May<\\/td>\\r\\n<td class=\\"xl67\\">Sun<\\/td>\\r\\n<td class=\\"xl67\\"><span style=\\"color: #339966;\\">Day Off<\\/span><\\/td>\\r\\n<td class=\\"xl67\\">&nbsp;<\\/td>\\r\\n<td class=\\"xl67\\">&nbsp;<\\/td>\\r\\n<\\/tr>\\r\\n<\\/tbody>\\r\\n<\\/table>\\r\\n<h2>Week 3<\\/h2>\\r\\n<table border=\\"0\\" cellspacing=\\"0\\" cellpadding=\\"0\\">\\r\\n<tbody>\\r\\n<tr>\\r\\n<td class=\\"xl73\\">\\r\\n<h3>&nbsp;Date<\\/h3>\\r\\n<\\/td>\\r\\n<td class=\\"xl74\\" style=\\"border-left: none; width: 60pt;\\" width=\\"80\\">&nbsp;<\\/td>\\r\\n<td class=\\"xl74\\" style=\\"border-left: none; width: 230pt;\\" width=\\"306\\">\\r\\n<h3>&nbsp;Venue<\\/h3>\\r\\n<\\/td>\\r\\n<td class=\\"xl74\\">\\r\\n<h3>Detail<\\/h3>\\r\\n<\\/td>\\r\\n<td class=\\"xl74\\">\\r\\n<h3>Time<\\/h3>\\r\\n<\\/td>\\r\\n<\\/tr>\\r\\n<tr>\\r\\n<td class=\\"xl68\\">6-May<\\/td>\\r\\n<td class=\\"xl67\\">Mon<\\/td>\\r\\n<td class=\\"xl67\\">&nbsp;Hillcrest Preparatory School<\\/td>\\r\\n<td class=\\"xl67\\">Workshop<\\/td>\\r\\n<td class=\\"xl67\\">7:30am<\\/td>\\r\\n<\\/tr>\\r\\n<tr>\\r\\n<td class=\\"xl68\\">&nbsp;<\\/td>\\r\\n<td class=\\"xl67\\">&nbsp;<\\/td>\\r\\n<td class=\\"xl67\\">&nbsp;Don Bosco Utume<\\/td>\\r\\n<td class=\\"xl67\\">Workshop<\\/td>\\r\\n<td class=\\"xl67\\">10:00am<\\/td>\\r\\n<\\/tr>\\r\\n<tr>\\r\\n<td class=\\"xl68\\">&nbsp;<\\/td>\\r\\n<td class=\\"xl67\\">&nbsp;<\\/td>\\r\\n<td class=\\"xl67\\"><a href=\\"soul_itinerary\\/soul_reservation\\/06-May\\/afternoon_available\\">Afternoon Available<\\/a><\\/td>\\r\\n<td class=\\"xl67\\">&larr; click to book<\\/td>\\r\\n<td class=\\"xl67\\">&nbsp;<\\/td>\\r\\n<\\/tr>\\r\\n<tr>\\r\\n<td class=\\"xl69\\">7-May<\\/td>\\r\\n<td class=\\"xl70\\">Tue<\\/td>\\r\\n<td class=\\"xl70\\">Braeside School Upper Primary<\\/td>\\r\\n<td class=\\"xl70\\">Assembly<\\/td>\\r\\n<td class=\\"xl70\\">10:30am<\\/td>\\r\\n<\\/tr>\\r\\n<tr>\\r\\n<td class=\\"xl66\\">&nbsp;<\\/td>\\r\\n<td class=\\"xl67\\">&nbsp;<\\/td>\\r\\n<td class=\\"xl67\\">Cavina School<\\/td>\\r\\n<td class=\\"xl67\\">Workshop<\\/td>\\r\\n<td class=\\"xl67\\">&nbsp;<\\/td>\\r\\n<\\/tr>\\r\\n<tr>\\r\\n<td class=\\"xl66\\">&nbsp;<\\/td>\\r\\n<td class=\\"xl67\\">&nbsp;<\\/td>\\r\\n<td class=\\"xl67\\"><a href=\\"soul_itinerary\\/soul_reservation\\/07-May\\/afternoon_available\\">Afternoon Available<\\/a><\\/td>\\r\\n<td class=\\"xl67\\">&larr; click to book<\\/td>\\r\\n<td class=\\"xl67\\">&nbsp;<\\/td>\\r\\n<\\/tr>\\r\\n<tr>\\r\\n<td class=\\"xl68\\">8-May<\\/td>\\r\\n<td class=\\"xl67\\">Wed<\\/td>\\r\\n<td class=\\"xl74\\">The Banda School<span style=\\"mso-spacerun: yes;\\"> <br \\/><\\/span><\\/td>\\r\\n<td class=\\"xl74\\">Workshop<\\/td>\\r\\n<td class=\\"xl74\\">2.00pm<\\/td>\\r\\n<\\/tr>\\r\\n<tr>\\r\\n<td class=\\"xl68\\">&nbsp;<\\/td>\\r\\n<td class=\\"xl67\\">&nbsp;<\\/td>\\r\\n<td class=\\"xl74\\">Tumaini Brooks Kiambu<\\/td>\\r\\n<td class=\\"xl74\\">Workshop<\\/td>\\r\\n<td class=\\"xl74\\">3:00pm<\\/td>\\r\\n<\\/tr>\\r\\n<tr>\\r\\n<td class=\\"xl68\\">9-May<\\/td>\\r\\n<td class=\\"xl67\\">Thu<\\/td>\\r\\n<td class=\\"xl67\\">Mathare Menno Kids School<\\/td>\\r\\n<td class=\\"xl67\\">Workshop<\\/td>\\r\\n<td class=\\"xl67\\">8:30pm<\\/td>\\r\\n<\\/tr>\\r\\n<tr>\\r\\n<td class=\\"xl66\\">&nbsp;<\\/td>\\r\\n<td class=\\"xl67\\">&nbsp;<\\/td>\\r\\n<td class=\\"xl67\\">Braeside School Lower Primary<\\/td>\\r\\n<td class=\\"xl67\\">Assembly<\\/td>\\r\\n<td class=\\"xl67\\">10:30am<\\/td>\\r\\n<\\/tr>\\r\\n<tr>\\r\\n<td class=\\"xl66\\">&nbsp;<\\/td>\\r\\n<td class=\\"xl67\\">&nbsp;<\\/td>\\r\\n<td class=\\"xl67\\">Nairobi International School<\\/td>\\r\\n<td class=\\"xl67\\">Workshop<\\/td>\\r\\n<td class=\\"xl67\\">1:30pm<\\/td>\\r\\n<\\/tr>\\r\\n<tr>\\r\\n<td class=\\"xl66\\">&nbsp;<\\/td>\\r\\n<td class=\\"xl67\\">&nbsp;<\\/td>\\r\\n<td class=\\"xl67\\"><span style=\\"color: #339966;\\">Travel to Mombasa<\\/span><\\/td>\\r\\n<td class=\\"xl67\\">&nbsp;<\\/td>\\r\\n<td class=\\"xl67\\">&nbsp;<\\/td>\\r\\n<\\/tr>\\r\\n<tr>\\r\\n<td class=\\"xl68\\">10-May<\\/td>\\r\\n<td class=\\"xl67\\">Fri<\\/td>\\r\\n<td class=\\"xl67\\">Kivukoni School, Kilifi<\\/td>\\r\\n<td class=\\"xl67\\">Workshop<\\/td>\\r\\n<td class=\\"xl67\\">Whole Day<\\/td>\\r\\n<\\/tr>\\r\\n<tr>\\r\\n<td class=\\"xl68\\">11-May<\\/td>\\r\\n<td class=\\"xl67\\">Sat<\\/td>\\r\\n<td class=\\"xl74\\">Distant Relatives, Kilifi<\\/td>\\r\\n<td class=\\"xl67\\">Concert<\\/td>\\r\\n<td class=\\"xl67\\">6:00pm<\\/td>\\r\\n<\\/tr>\\r\\n<tr>\\r\\n<td class=\\"xl68\\">12-May<\\/td>\\r\\n<td class=\\"xl67\\">Sun<\\/td>\\r\\n<td class=\\"xl67\\">Aga Khan, Mombasa<\\/td>\\r\\n<td class=\\"xl67\\">Workshop<\\/td>\\r\\n<td class=\\"xl67\\">2:30pm<\\/td>\\r\\n<\\/tr>\\r\\n<tr>\\r\\n<td class=\\"xl68\\">&nbsp;<\\/td>\\r\\n<td class=\\"xl67\\">&nbsp;<\\/td>\\r\\n<td class=\\"xl67\\">La Verandah<\\/td>\\r\\n<td class=\\"xl67\\">Concert<\\/td>\\r\\n<td class=\\"xl67\\">7:00pm<\\/td>\\r\\n<\\/tr>\\r\\n<\\/tbody>\\r\\n<\\/table>\\r\\n<h2>Week 4<\\/h2>\\r\\n<table border=\\"0\\" cellspacing=\\"0\\" cellpadding=\\"0\\">\\r\\n<tbody>\\r\\n<tr>\\r\\n<td class=\\"xl73\\">\\r\\n<h3>&nbsp;Date<\\/h3>\\r\\n<\\/td>\\r\\n<td class=\\"xl74\\" style=\\"border-left: none; width: 60pt;\\" width=\\"80\\">&nbsp;<\\/td>\\r\\n<td class=\\"xl74\\" style=\\"border-left: none; width: 230pt;\\" width=\\"306\\">\\r\\n<h3>&nbsp;Venue<\\/h3>\\r\\n<\\/td>\\r\\n<td class=\\"xl74\\">\\r\\n<h3>Detail<\\/h3>\\r\\n<\\/td>\\r\\n<td class=\\"xl74\\">\\r\\n<h3>Time<\\/h3>\\r\\n<\\/td>\\r\\n<\\/tr>\\r\\n<tr>\\r\\n<td class=\\"xl68\\">13-May<\\/td>\\r\\n<td class=\\"xl67\\">Mon<\\/td>\\r\\n<td class=\\"xl67\\"><span style=\\"color: #339966;\\">&nbsp;Day Off<\\/span><\\/td>\\r\\n<td class=\\"xl67\\">&nbsp;<\\/td>\\r\\n<td class=\\"xl67\\">&nbsp;<\\/td>\\r\\n<\\/tr>\\r\\n<tr>\\r\\n<td class=\\"xl69\\">14-May<\\/td>\\r\\n<td class=\\"xl70\\">Tue<\\/td>\\r\\n<td class=\\"xl70\\">Brookhouse International School<\\/td>\\r\\n<td class=\\"xl70\\">Assembly<\\/td>\\r\\n<td class=\\"xl70\\">Morning<\\/td>\\r\\n<\\/tr>\\r\\n<tr>\\r\\n<td class=\\"xl66\\">&nbsp;<\\/td>\\r\\n<td class=\\"xl67\\">&nbsp;<\\/td>\\r\\n<td class=\\"xl67\\">GEMS Cambridge International School<\\/td>\\r\\n<td class=\\"xl67\\">Workshop<\\/td>\\r\\n<td class=\\"xl67\\">2:00pm<\\/td>\\r\\n<\\/tr>\\r\\n<tr>\\r\\n<td class=\\"xl66\\">&nbsp;<\\/td>\\r\\n<td class=\\"xl67\\">&nbsp;<\\/td>\\r\\n<td class=\\"xl67\\">Brookhouse International School<\\/td>\\r\\n<td class=\\"xl67\\">Workshop<\\/td>\\r\\n<td class=\\"xl67\\">4:00 pm<\\/td>\\r\\n<\\/tr>\\r\\n<tr>\\r\\n<td class=\\"xl68\\">15-May<\\/td>\\r\\n<td class=\\"xl67\\">Wed<\\/td>\\r\\n<td class=\\"xl74\\">Peponi House Preparatory School<\\/td>\\r\\n<td class=\\"xl74\\">Workshop<\\/td>\\r\\n<td class=\\"xl74\\">1:15pm<\\/td>\\r\\n<\\/tr>\\r\\n<tr>\\r\\n<td class=\\"xl68\\">&nbsp;<\\/td>\\r\\n<td class=\\"xl67\\">&nbsp;<\\/td>\\r\\n<td class=\\"xl74\\">Nairobi Academy*<\\/td>\\r\\n<td class=\\"xl74\\">Workshop<\\/td>\\r\\n<td class=\\"xl74\\">3.00pm<\\/td>\\r\\n<\\/tr>\\r\\n<tr>\\r\\n<td class=\\"xl68\\">&nbsp;<\\/td>\\r\\n<td class=\\"xl67\\">&nbsp;<\\/td>\\r\\n<td class=\\"xl74\\">Starehe Girls Centre*<\\/td>\\r\\n<td class=\\"xl74\\">Workshop<\\/td>\\r\\n<td class=\\"xl74\\">4:30pm<\\/td>\\r\\n<\\/tr>\\r\\n<tr>\\r\\n<td class=\\"xl68\\">16-May<\\/td>\\r\\n<td class=\\"xl67\\">Thu<\\/td>\\r\\n<td class=\\"xl67\\">Riara Group of Schools<\\/td>\\r\\n<td class=\\"xl67\\">Workshop<\\/td>\\r\\n<td class=\\"xl67\\">Whole Day<\\/td>\\r\\n<\\/tr>\\r\\n<tr>\\r\\n<td class=\\"xl68\\">&nbsp;<\\/td>\\r\\n<td class=\\"xl67\\">&nbsp;<\\/td>\\r\\n<td class=\\"xl67\\">Louis Leakey Auditorium<\\/td>\\r\\n<td class=\\"xl67\\">Concert<\\/td>\\r\\n<td class=\\"xl67\\">6:30pm<\\/td>\\r\\n<\\/tr>\\r\\n<tr>\\r\\n<td class=\\"xl68\\">17-May<\\/td>\\r\\n<td class=\\"xl67\\">Fri<\\/td>\\r\\n<td class=\\"xl67\\">Braeside Primary School*<\\/td>\\r\\n<td class=\\"xl67\\">Workshop<\\/td>\\r\\n<td class=\\"xl67\\">&nbsp;<\\/td>\\r\\n<\\/tr>\\r\\n<tr>\\r\\n<td class=\\"xl68\\">&nbsp;<\\/td>\\r\\n<td class=\\"xl67\\">&nbsp;<\\/td>\\r\\n<td class=\\"xl67\\">Premier Academy<\\/td>\\r\\n<td class=\\"xl67\\">Workshop<\\/td>\\r\\n<td class=\\"xl67\\">2:00pm<\\/td>\\r\\n<\\/tr>\\r\\n<\\/tbody>\\r\\n<\\/table>"', '', '0000-00-00 00:00:00', '0000-00-00 00:00:00', '', NULL),
(30, 'component seealso', 0, '"<h2 style=\\"text-align: center;\\">Upcoming Events<\\/h2>\\r\\n<div><ul><li><a href=\\"/calendar/abrsm_high_scorers_concert/2013-11-03_15:00:00\\">3<sup>rd<\\/sup> November<br\\/>- ABRSM High Scorers Concert<\\/a><\\/li><li><a href=\\"/calendar/conservatoire_orchestra_concert/2013-11-17_15:00:00\\">17<sup>th<\\/sup> November<br\\/>- Conservatoire Orchestra Concert<\\/a><\\/li><li><a href=\\"/calendar/end_of_term_concert/2013-12-08_15:00:00\\">8<sup>th<\\/sup> December<br\\/>- End of Term Concert<\\/a><\\/li><\\/ul><\\/div>"', '', '2013-04-10 00:00:00', '2013-09-04 19:46:00', '', NULL),
(31, 'content event', 1, '{"evTitle":"Acoustic Alchemy","evImage":"class=\\"center\\" src=\\"*images\\/events\\/acousticalchemy_2013.jpg\\" alt=\\"Acoustic Alchemy\\"","evDate":"2013-06-02 18:30:00","evVenue":"Alliance Francaise","evTickets":"500 KShs Adults<br\\/>300 KShs Conservatoire Students and Children 12 Years and Below<br\\/>200 KShs Conservatoire Members","evDescription":"<p>In case of queries, please contact:<\\/p>\\r\\n<p>&nbsp;<\\/p>\\r\\n<p>&nbsp;<\\/p>\\r\\n<p>EVERLYNE KIRIMA<\\/p>\\r\\n<p>PROGRAMMES COORDINATOR<\\/p>\\r\\n<p style=\\"margin-bottom: 0.0001pt;\\">Tel: 0720962288\\/0737227903<\\/p>\\r\\n<p style=\\"margin-bottom: 0.0001pt;\\">Email: programmes@conservatoire.co.ke<\\/p>\\r\\n"}', '', '0000-00-00 00:00:00', '0000-00-00 00:00:00', 'Acoustic Alchemy', 'calendar/acoustic_alchemy/2013-06-02_18:30:00'),
(32, 'content component', 0, '"<p>Of all the forms of making music, singing has been the most fundamental mode of musical expression due to the fact that the body is the instrument and is accessible to most people. There is a notion that some people cannot sing, but this is a myth. The muscular requirements for singing are very similar to those for talking so technically if you can talk, then most likely you can sing. Perhaps the question is whether you can sing <strong class=\\"italic\\">well<\\/strong>.<\\/p><h1>Why Take Vocal Lessons?<\\/h1>\\r\\n<p>What marks out a good singer from an average one is down to how well they can control and manipulate their vocal chords. Some are endowed from early in life but for a majority, a lot of work needs to go into gaining this control. This is the purpose of taking voice lessons, training that enables one to manage and produce good sound quality that is in line with the kind of style of music being performed.<\\/p>\\r\\n<h1>What Does Vocal Training Entail?<\\/h1>\\r\\n<p>Training entails systematic development of vocal technique as outlined below.<\\/p>\\r\\n<ul class=\\"bullets\\" type=\\"disc\\">\\r\\n<li>Introduction to the voice<\\/li>\\r\\n<li>Preparing to sing and taking care of the voice<\\/li>\\r\\n<li>Basic techniques in singing\\r\\n<ul class=\\"bullets\\">\\r\\n<li>Breathing<\\/li>\\r\\n<li>Pitching<\\/li>\\r\\n<li>Articulation<\\/li>\\r\\n<li>Expression<\\/li>\\r\\n<\\/ul>\\r\\n<\\/li>\\r\\n<li>Singing in Harmony\\r\\n<ul class=\\"bullets\\">\\r\\n<li>Voice placing<\\/li>\\r\\n<li>Voice balance<\\/li>\\r\\n<li>Voice Textures<\\/li>\\r\\n<\\/ul>\\r\\n<\\/li>\\r\\n<li>Repertoire\\r\\n<ul class=\\"bullets\\">\\r\\n<li>Analysis<\\/li>\\r\\n<li>Genre<\\/li>\\r\\n<\\/ul>\\r\\n<\\/li>\\r\\n<\\/ul>\\r\\n<p>In addition to these vocal techniques modules designed to make one an all-round musician are included as follows:<\\/p>\\r\\n<ul class=\\"bullets\\" >\\r\\n<li>Sight reading<\\/li>\\r\\n<li>Aural training<\\/li>\\r\\n<li>Basic Musicianship<\\/li>\\r\\n<li>Performance etiquette<\\/li>\\r\\n<\\/ul>\\r\\n<h1>What Genres of Music Do We Teach?<\\/h1>\\r\\n<p>Just as with any kind of music different types of techniques are required. These are all offered in the institution, particularly classical singing, Jazz, Pop, Broadway and Contemporary styles.<\\/p>\\r\\n<h1>How Do We Assess Our Students?<\\/h1>\\r\\n<p>One can attain certificates in singing by taking the internationally recognised Associated Board of the Royal School of Music (ABRSM) examinations at different levels ranging from Preparatory stage to LRSM (equivalent to a Masters degree) in singing.<\\/p>"', '', '2013-06-25 00:00:00', '2013-06-25 00:00:00', 'VOCAL TRAINING, WHY TAKE VOICE LESSONS, SINGING, ABRSM VOICE or SINGING', NULL);
INSERT INTO `component` (`id`, `class`, `template_id`, `content`, `style`, `date_created`, `last_modified`, `description`, `detail_url`) VALUES
(33, 'content event', 1, '{"evTitle":"Classics at the GoDown","evImage":"class=\\"center\\" src=\\"*images\\/events\\/Classics_at_The_GoDown_2013.jpg\\" alt=\\"Classics at the GoDown\\"","evDate":"2013-07-20 19:00:00","evVenue":"The GoDown Arts Centre","evTickets":"300 KShs per Person","evDescription":"<p>In case of queries, please contact:<\\/p>\\r\\n<p>&nbsp;<\\/p>\\r\\n<p>&nbsp;<\\/p>\\r\\n<p>EVERLYNE KIRIMA<\\/p>\\r\\n<p>PROGRAMMES COORDINATOR<\\/p>\\r\\n<p style=\\"margin-bottom: 0.0001pt;\\">Tel: 0720962288\\/0737227903<\\/p>\\r\\n<p style=\\"margin-bottom: 0.0001pt;\\">Email: programmes@conservatoire.co.ke<\\/p>\\r\\n"}', '', '2013-07-04 08:00:00', '0000-00-00 00:00:00', 'Classics at the GoDown', 'calendar/classics_at_the_godown/2013-07-20_19:00:00'),
(34, 'content event', 1, '{"evTitle":"Classics at the Coast","evImage":"class=\\"center\\" src=\\"*images\\/events\\/Classics_at_the_Coast_2013.jpg\\" alt=\\"Classics at the Coast\\"","evDate":"2013-07-31 19:00:00","evVenue":"Leisure Lodge Resort and Spa (Diani)","evTickets":"1,000 KShs per Person","evDescription":"<p>In case of queries, please contact:<\\/p>\\r\\n<p>&nbsp;<\\/p>\\r\\n<p>&nbsp;<\\/p>\\r\\n<p>EVERLYNE KIRIMA<\\/p>\\r\\n<p>PROGRAMMES COORDINATOR<\\/p>\\r\\n<p style=\\"margin-bottom: 0.0001pt;\\">Tel: 0720962288\\/0737227903<\\/p>\\r\\n<p style=\\"margin-bottom: 0.0001pt;\\">Email: programmes@conservatoire.co.ke<\\/p>\\r\\n"}', '', '2013-07-04 08:00:00', '0000-00-00 00:00:00', 'Classics at the Coast', 'calendar/classics_at_the_coast/2013-07-31_19:00:00'),
(35, 'content event', 1, '{"evTitle":"Classics at the Coast","evImage":"class=\\"center\\" src=\\"*images\\/events\\/Classics_at_the_Coast_2013.jpg\\" alt=\\"Classics at the Coast\\"","evDate":"2013-08-02 19:00:00","evVenue":"White Elephant (Malindi)","evTickets":"1,000 KShs per Person","evDescription":"<p>In case of queries, please contact:<\\/p>\\r\\n<p>&nbsp;<\\/p>\\r\\n<p>&nbsp;<\\/p>\\r\\n<p>EVERLYNE KIRIMA<\\/p>\\r\\n<p>PROGRAMMES COORDINATOR<\\/p>\\r\\n<p style=\\"margin-bottom: 0.0001pt;\\">Tel: 0720962288\\/0737227903<\\/p>\\r\\n<p style=\\"margin-bottom: 0.0001pt;\\">Email: programmes@conservatoire.co.ke<\\/p>\\r\\n"}', '', '2013-07-04 08:00:00', '0000-00-00 00:00:00', 'Classics at the Coast', 'calendar/classics_at_the_coast/2013-08-02_19:00:00'),
(36, 'content event', 1, '{"evTitle":"Classics at the Coast","evImage":"class=\\"center\\" src=\\"*images\\/events\\/Classics_at_the_Coast_2013.jpg\\" alt=\\"Classics at the Coast\\"","evDate":"2013-08-03 18:00:00","evVenue":"White Sands (Burundi)","evTickets":"1,000 KShs per Person","evDescription":"<p>In case of queries, please contact:<\\/p>\\r\\n<p>&nbsp;<\\/p>\\r\\n<p>&nbsp;<\\/p>\\r\\n<p>EVERLYNE KIRIMA<\\/p>\\r\\n<p>PROGRAMMES COORDINATOR<\\/p>\\r\\n<p style=\\"margin-bottom: 0.0001pt;\\">Tel: 0720962288\\/0737227903<\\/p>\\r\\n<p style=\\"margin-bottom: 0.0001pt;\\">Email: programmes@conservatoire.co.ke<\\/p>\\r\\n"}', '', '2013-07-04 08:00:00', '0000-00-00 00:00:00', 'Classics at the Coast', 'calendar/classics_at_the_coast/2013-08-03_18:00:00'),
(37, 'content event', 1, '{"evTitle":"End of Term Concert","evImage":"class=\\"center\\" src=\\"*images\\/events\\/EndOfTermConcert_July2013.jpg\\" alt=\\"End of Term Concert\\"","evDate":"2013-07-21 15:00:00","evVenue":"Braeburn Theater (Gitanga Road)","evTickets":"500 KShs - Adults<\\/br>300 KShs - Conservatoire Students and Children below 12 years<\\/br>200 KShs - Conservatoire Members","evDescription":"<p>In case of queries, please contact:<\\/p>\\r\\n<p>&nbsp;<\\/p>\\r\\n<p>&nbsp;<\\/p>\\r\\n<p>EVERLYNE KIRIMA<\\/p>\\r\\n<p>PROGRAMMES COORDINATOR<\\/p>\\r\\n<p style=\\"margin-bottom: 0.0001pt;\\">Tel: 0720962288\\/0737227903<\\/p>\\r\\n<p style=\\"margin-bottom: 0.0001pt;\\">Email: programmes@conservatoire.co.ke<\\/p>\\r\\n"}', '', '2013-07-10 08:00:00', '0000-00-00 00:00:00', 'End of Term Concert', 'calendar/end_of_term/2013-07-21_15:00:00'),
(38, 'component content', 0, '"<h1>KCM Orchestra Performance<\\/h1><h2>Bach Double Violin Concerto BWV 1043 1st Mvt<\\/h2><iframe width=\\"100%\\" height=\\"360\\" src=\\"http:\\/\\/www.youtube.com\\/embed\\/9a9rndysU_A?feature=player_detailpage\\" frameborder=\\"0\\" allowfullscreen><\\/iframe>"', 'margin: 0 auto; ', '0000-00-00 00:00:00', '0000-00-00 00:00:00', 'Bach Double Violin Concerto BWV 1043 1st Mvt', 'http://www.youtube.com/watch?v=9a9rndysU_A'),
(39, 'content', 0, '"<h1>Guitar Types<\\/h1>\\n<p>There are various types of guitars with origins from the Lute, ancient stringed instrument played like the guitar as far back as 16th and 17th century. Some of the varieties of the guitar are;<\\/p>\\n<ul>\\n<li>Acoustic Steel&nbsp;&nbsp; with 6 or 12 strings<\\/li>\\n<li>Classical guitar with nylon strings on slightly thicker neck<\\/li>\\n<li>Electric guitar usually thin with thinner gauge strings compared to acoustic guitar<\\/li>\\n<li>Acoustic\\/Electric usually takes shape of Acoustic guitar with equalizer style<\\/li>\\n<li>Electric Bass Guitar 4, 5 or 6 strings common for jazz licks<\\/li>\\n<li>Double bass for classical or jazz styles normally classical style played with bow<\\/li>\\n<\\/ul>\\n<h1>What it entails<\\/h1>\\n<p>Guitar is one of the most played instrument of all yet least understood as it takes hours of practice and study to understand it holistically. As the saying goes &ldquo;It&rsquo;s easiest to learn but hardest to master.&rdquo; In principle, study of the guitar is divided in two phrases; &ldquo;Cognitive&rsquo;&rsquo; mind oriented learning and&nbsp; Motoric&rdquo; that&rsquo;s practical application, this is same for other instruments but guitar tends to be more involving and one has to be very creative on an instrument that&rsquo;s 3 in 1 that&rsquo;s rhythmic, melodic and&nbsp; percussive. Bottom line is lots of patience is required yet an intelligent approach to practice cannot be wished away, that&rsquo;s why no matter how much one is able to do they&rsquo;ll need some lessons at some stage.<\\/p>\\n<h1>Why take lessons?<\\/h1>\\n<p>To a large extent humanity has some element of musicality within them whether they&rsquo;re in tune or not the latter certainly would need more lessons where they&rsquo;ve shown a desire to learn an instrument , As I said earlier , guitar is rhythmic, melodic &amp; percussive. To incorporate either one of this, Proper direction and understanding holistically is key. This involves structures e.g scales, arpeggios and chordal manouvres that need to be understood within a given phrase. Chords add colour and richness in rhythm to a piece. While scales determine proper melodic and harmonic knowledge when applied correctly. Proper technique can only be learnt during lesson, this enhances good articulation and dexterity and a more controlled rhythm.<\\/p>\\n<h1>Music Types<\\/h1>\\n<p>Guitar can be applied on any type or genre as long as a chord is splashed on a piece. Though the most outstanding styles appropriate for guitar are; Rock, blues, jazz , R&amp;B, reggae, rhumba, chakacha and most Latin American and South African styles to mention but just a few.<\\/p>\\n<p>One has to understand each technique and approach, although culture has to be engrained also to determine success of each one of these styles.<\\/p>"', '', '2013-07-17 18:00:00', '2013-07-17 19:00:00', '', 'academics/departments/string/guitar'),
(40, 'component profiler', 0, '"<div class=\\"img\\"><img src=\\"\\/images\\/staff\\/manasseh-uzele.jpg\\" alt=\\"MANASSEH UZELE\\" align=\\"middle\\" \\/><\\/div>\\r\\n<div class=\\"profile-tabs\\">\\r\\n<div class=\\"tabs\\">\\r\\n<div id=\\"forte\\">\\r\\n<h1>MANASSEH UZELE<\\/h1>\\r\\n<h2>CLASSICAL, ACOUSTIC AND BASS GUITAR AND DOUBLE BASS<\\/h2>\\r\\n<p>manasseh.uzele@conservatoire.co.ke<\\/p>\\r\\n<\\/div>\\r\\n<div id=\\"quote\\">\\r\\n<p>Manasseh is a Congolese guitarist with over 20 years experience teaching, mentoring and developing performers among them Sauti Sol, Susana Owiyo, Eric Wainaina and Khamadi Ojiambo. He has performed and toured extensively with the Uzeles locally and overseas in Germany, Canada and Switzerland, playing guitar and the baritone and valve trombone.<\\/p>\\r\\n<p>Manasseh offers instruction in classical, bass, rhythm and electric guitars in classical and contemporary styles. He also prepares candidates for the internationally recognized Associated Board of the Royal Schools of Music (ABRSM) practical exams. He founded the Acoustic Alchemy concert which takes place annually to showcase the skills his students have gained in the classroom. The concert has gained extensive popularity within Nairobi and will be unveiled with the name &ldquo;Fret Venture&rdquo; in 2014.<\\/p>\\r\\n<\\/div>\\r\\n<\\/div>\\r\\n<\\/div>"', '', '2012-11-29 06:35:09', '2012-11-29 06:35:09', 'MANASSEH UZELE', NULL),
(41, 'component profiler', 0, '"<div class=\\"img\\"><img src=\\"\\/images\\/staff\\/christine-kamau.jpg\\" alt=\\"CHRISTINE KAMAU\\" align=\\"middle\\" \\/><\\/div>\\r\\n<div class=\\"profile-tabs\\">\\r\\n<div class=\\"tabs\\">\\r\\n<div id=\\"forte\\">\\r\\n<h1>CHRISTINE KAMAU<\\/h1>\\r\\n<h2>PIANO, SAXOPHONE, TRUMPET<\\/h2>\\r\\n<p>christine.kamau@conservatoire.co.ke<\\/p>\\r\\n<\\/div>\\r\\n<div id=\\"quote\\">\\r\\n<p>Christine is an afro-jazz trumpeter\\/composer and an upcoming artist in the Kenyan jazz music scene. In April 2012, she released her debut album &ldquo;This is for You&rdquo;, an 8-track instrumental afro-jazz album of her own compositions tirelessly worked on with the help of Cameroonian music producer Romeo Kouemeni. It includes the tracks &lsquo;Conversations&rsquo;, and &lsquo;This is for You&rsquo; that have been receiving radio airplay.<\\/p>\\r\\n<p>Christine grew up in Nakuru, Kenya and began showing signs of musicianship at an early age. Her parents encouraged her by enrolling her for lessons at age 11 to study music theory and classical piano. She followed on with learning the trumpet at The Kenya Conservatoire of Music under Kagema Gichuhi. She is a multi-instrumentalist who also loves playing the alto saxophone and tenor trombone.<\\/p>\\r\\n<p>Her love for African-jazz began while on a trip to South Africa for a music audition where she discovered Jazz music by African horn players like Jonas Gwangwa, Moses Khumalo, Ratau Mike, amongst others. Inspired by the exposure to their music and enthused by their fusion of jazz with distinctive South African grooves she began to write and arrange her own music. She draws her inspiration from a spiritual calling to praise God in her life coupled by the affection for songwriting and composition. Christine has performed at various local music events in including the monthly festival Blankets and Wine, Jazz Under the Stars, Sierra Ladies of Jazz and the Afro-jazz Concert Series amongst others. Christine has also been featured in a new musical program by the BBC world service titled &lsquo;Africa Beats&rsquo;, a series that showcases emerging music talent from Africa. You can find her performing alongside her band comprised of remarkably gifted instrumentalists: Isaac Khakula (Bass Guitar), Ken Simiyu (Keyboards), Daniel Macharia (Drums), Matthew Makumi (Guitars), Tim Riungu (Tenor Sax) and Emmanuel Kute (Alto Saxophone\\/Flute).<\\/p>\\r\\n<\\/div>\\r\\n<\\/div>\\r\\n<\\/div>"', '', '2012-11-29 06:35:09', '2012-11-29 06:35:09', 'CHRISTINE KAMAU', NULL),
(42, 'component profiler', 0, '"<div class=\\"img\\"><img src=\\"\\/images\\/staff\\/wandiri-karimi.jpg\\" alt=\\"WANDIRI KARIMI\\" align=\\"middle\\" \\/><\\/div>\\r\\n<div class=\\"profile-tabs\\">\\r\\n<div class=\\"tabs\\">\\r\\n<div id=\\"forte\\">\\r\\n<h1>WANDIRI KARIMI<\\/h1>\\r\\n<h2>CLASSICAL AND ACOUSTIC GUITAR<\\/h2>\\r\\n<p>wandiri.karimi@conservatoire.co.ke<\\/p>\\r\\n<\\/div>\\r\\n<div id=\\"quote\\">\\r\\n<p>Karimi has a great passion for the development of the Arts industry in Kenya, including but not limited to music. She has taught guitar since 2005 and continues to offer lessons to students in several schools throughout Nairobi.<\\/p>\\r\\n<p>With an LLM (Intellectual Property) from the University of South Africa, she shares a great enthusiasm for the development of a greater understanding of intellectual property rights for all artists. She is the Legal and Administration Director for Ennovator Music and has undertaken several professional development ventures including an Artist Management Course at the Alliance Francaise, and Intellectual Property Course at the British Council and several ABRSM practical examinations. She is the Co-founder of the Nairobi Kinanda Arts Festival and has been a participant in the Tusker All Stars Project as a band member.<\\/p>\\r\\n<\\/div>\\r\\n<\\/div>\\r\\n<\\/div>"', '', '2012-11-29 06:35:09', '2012-11-29 06:35:09', 'WANDIRI KARIMI', NULL),
(43, 'component carousel', 0, '"<div id=\\"slider\\" style=\\"height: 345px;\\">\\r\\n\\t\\t\\t<div id=\\"slides\\">\\r\\n\\t\\t\\t\\t<div class=\\"slides_container\\">\\r\\n\\t\\t\\t\\t\\t<div class=\\"slide\\">\\r\\n\\t\\t\\t\\t\\t\\t<a href=\\"\\"><img src=\\"\\/images\\/gallery\\/requiem_von_mozart_vijay\\/IMG_1125.JPG\\" alt=\\"1\\" \\/><\\/a>\\r\\n\\t\\t\\t\\t\\t\\t<div class=\\"caption\\">\\r\\n\\t\\t\\t\\t\\t\\t\\t<p>Mozart Requiem!<\\/p>\\r\\n\\t\\t\\t\\t\\t\\t<\\/div>\\r\\n\\t\\t\\t\\t\\t<\\/div>\\r\\n\\t\\t\\t\\t\\t<div class=\\"slide\\">\\r\\n\\t\\t\\t\\t\\t\\t<a href=\\"\\"><img src=\\"\\/images\\/gallery\\/requiem_von_mozart_vijay\\/IMG_1119.JPG\\" alt=\\"1\\" \\/><\\/a>\\r\\n\\t\\t\\t\\t\\t\\t<div class=\\"caption\\">\\r\\n\\t\\t\\t\\t\\t\\t\\t<p>Mozart Requiem!<\\/p>\\r\\n\\t\\t\\t\\t\\t\\t<\\/div>\\r\\n\\t\\t\\t\\t\\t<\\/div>\\r\\n\\t\\t\\t\\t\\t<div class=\\"slide\\">\\r\\n\\t\\t\\t\\t\\t\\t<a href=\\"\\"><img src=\\"\\/images\\/gallery\\/requiem_von_mozart_vijay\\/IMG_1135.JPG\\" alt=\\"1\\" \\/><\\/a>\\r\\n\\t\\t\\t\\t\\t\\t<div class=\\"caption\\">\\r\\n\\t\\t\\t\\t\\t\\t\\t<p>Mozart Requiem!<\\/p>\\r\\n\\t\\t\\t\\t\\t\\t<\\/div>\\r\\n\\t\\t\\t\\t\\t<\\/div>\\r\\n\\t\\t\\t\\t\\t<div class=\\"slide\\">\\r\\n\\t\\t\\t\\t\\t\\t<a href=\\"\\"><img src=\\"\\/images\\/gallery\\/requiem_von_mozart_vijay\\/IMG_1159.JPG\\" alt=\\"1\\" \\/><\\/a>\\r\\n\\t\\t\\t\\t\\t\\t<div class=\\"caption\\">\\r\\n\\t\\t\\t\\t\\t\\t\\t<p>Mozart Requiem!<\\/p>\\r\\n\\t\\t\\t\\t\\t\\t<\\/div>\\r\\n\\t\\t\\t\\t\\t<\\/div>\\r\\n\\t\\t\\t\\t\\t<div class=\\"slide\\">\\r\\n\\t\\t\\t\\t\\t\\t<a href=\\"\\"><img src=\\"\\/images\\/gallery\\/requiem_von_mozart_vijay\\/L1030262.jpg\\" alt=\\"1\\" \\/><\\/a>\\r\\n\\t\\t\\t\\t\\t\\t<div class=\\"caption\\">\\r\\n\\t\\t\\t\\t\\t\\t\\t<p>Mozart Requiem!<\\/p>\\r\\n\\t\\t\\t\\t\\t\\t<\\/div>\\r\\n\\t\\t\\t\\t\\t<\\/div>\\r\\n\\t\\t\\t\\t\\t<div class=\\"slide\\">\\r\\n\\t\\t\\t\\t\\t\\t<a href=\\"\\"><img src=\\"\\/images\\/gallery\\/requiem_von_mozart_vijay\\/L1030263.jpg\\" alt=\\"1\\" \\/><\\/a>\\r\\n\\t\\t\\t\\t\\t\\t<div class=\\"caption\\">\\r\\n\\t\\t\\t\\t\\t\\t\\t<p>Mozart Requiem!<\\/p>\\r\\n\\t\\t\\t\\t\\t\\t<\\/div>\\r\\n\\t\\t\\t\\t\\t<\\/div>\\r\\n\\t\\t\\t\\t\\t<div class=\\"slide\\">\\r\\n\\t\\t\\t\\t\\t\\t<a href=\\"\\"><img src=\\"\\/images\\/gallery\\/requiem_von_mozart_vijay\\/L1030283.jpg\\" alt=\\"1\\" \\/><\\/a>\\r\\n\\t\\t\\t\\t\\t\\t<div class=\\"caption\\">\\r\\n\\t\\t\\t\\t\\t\\t\\t<p>Mozart Requiem!<\\/p>\\r\\n\\t\\t\\t\\t\\t\\t<\\/div>\\r\\n\\t\\t\\t\\t\\t<\\/div>\\r\\n\\t\\t\\t\\t\\t<div class=\\"slide\\">\\r\\n\\t\\t\\t\\t\\t\\t<a href=\\"\\"><img src=\\"\\/images\\/gallery\\/requiem_von_mozart_vijay\\/L1030303.jpg\\" alt=\\"1\\" \\/><\\/a>\\r\\n\\t\\t\\t\\t\\t\\t<div class=\\"caption\\">\\r\\n\\t\\t\\t\\t\\t\\t\\t<p>Mozart Requiem!<\\/p>\\r\\n\\t\\t\\t\\t\\t\\t<\\/div>\\r\\n\\t\\t\\t\\t\\t<\\/div>\\r\\n\\t\\t\\t\\t\\t<div class=\\"slide\\">\\r\\n\\t\\t\\t\\t\\t\\t<a href=\\"\\"><img src=\\"\\/images\\/gallery\\/requiem_von_mozart_vijay\\/L1030319.jpg\\" alt=\\"1\\" \\/><\\/a>\\r\\n\\t\\t\\t\\t\\t\\t<div class=\\"caption\\">\\r\\n\\t\\t\\t\\t\\t\\t\\t<p>Mozart Requiem!<\\/p>\\r\\n\\t\\t\\t\\t\\t\\t<\\/div>\\r\\n\\t\\t\\t\\t\\t<\\/div>\\r\\n\\t\\t\\t\\t<\\/div>\\r\\n\\t\\t\\t\\t<a href=\\"#previous\\" class=\\"prev\\"><img src=\\"\\/images\\/system\\/arrow-prev.png\\" width=\\"24\\" height=\\"43\\" alt=\\"Arrow Prev\\"><\\/a>\\r\\n\\t\\t\\t\\t<a href=\\"#next\\" class=\\"next\\"><img src=\\"\\/images\\/system\\/arrow-next.png\\" width=\\"24\\" height=\\"43\\" alt=\\"Arrow Next\\"><\\/a>\\r\\n\\t\\t\\t<\\/div>\\r\\n\\t\\t<\\/div>"', 'width: 100%; height: auto;', '2013-07-25 06:35:09', '2012-11-29 06:35:09', 'mozart requiem', NULL),
(44, 'content event', 1, '{"evTitle":"Sounds of Praise","evImage":"class=\\"center\\" src=\\"*images\\/events\\/SoundsofPraise_2013_AllSaintsChoir.jpg\\" alt=\\"Sounds of Praise\\"","evDate":"2013-07-28 15:00:00","evVenue":"Trinity Centre Auditorium: All Saints Cathedral","evTickets":"Adults: <strong>200 KShs</strong><br/>Children (12 years and below): <strong>100 KShs</strong>","evDescription":"<p>In case of queries, please contact:<\\/p>\\r\\n<p>&nbsp;<\\/p>\\r\\n<p>&nbsp;<\\/p>\\r\\n<p>EVERLYNE KIRIMA<\\/p>\\r\\n<p>PROGRAMMES COORDINATOR<\\/p>\\r\\n<p style=\\"margin-bottom: 0.0001pt;\\">Tel: 0720962288\\/0737227903<\\/p>\\r\\n<p style=\\"margin-bottom: 0.0001pt;\\">Email: programmes@conservatoire.co.ke<\\/p>\\r\\n"}', '', '2013-07-25 19:29:00', '2013-07-25 19:31:00', 'Sounds of Praise', 'calendar/sounds_of_praise/2013-07-28_15:00:00'),
(45, 'component', 7, '{"artTitle":"&ldquo;Random\\/Control&rdquo; Jazz Workshop","artTime":"2013-08-27 12:44:01","artAuthorAnchor":"Timothy Muritu","artParagraph":"\\n<img src=\\"\\/images\\/events\\/RandomControl.jpg\\">\\n<p>&ldquo;Random \\/ Control&rdquo;, an Austrian Jazz Band will host a Jazz Workshop on Saturday 7th September at 10am at the Kenya Conservatoire of Music Ballet Studio.<\\/p><p>The band consists of a trio of young professionals from the Vorarlberg region in Austria. All of the three artists are classically trained musicians and proficient in several instruments.The chief characteristic of &ldquo;Random \\/ Control&rdquo; is to quickly mix and switch instruments during their performances. They also recycle traditional Austrian folksongs by giving them a contemporary, funky edge.<\\/p>\\n<p>The Band leader David Helbock, at only 29 years, is one of the rising stars of modern jazz in Europe. An acclaimed jazz pianist and composer, he has already won a number of prices at several prestigious jazz festivals around Europe, including Montreux. This year, he is the opening act of the Jazz festival in Saalfelden, Austria. David has performed at the Goethe Institut in Nairobi in 2010 and is now returning to Nairobi with his band &ldquo;Random \\/ Control&rdquo;.<\\/p>\\n<p>Johannes B&auml;r and Andi Broger are renowned musicians in their own right: They perform together in a band called the &bdquo;Holstuonar Musig Big Band Club&ldquo;, a modern folk music group, which recently reached the top position in the Austrian pop music charts and is popular throughout German-speaking Europe.<\\/p>\\n<p>The instruments played by the trio include the following:<\\/p>\\n<p>David Helbock: Piano, Inside Piano, Electronics, Percussion, Voice, Composition<\\/p>\\n<p>Johannes B&auml;r: Trumpet, Trombone, Baritone, Tuba, Singing Tuba, Beat box, Helikon, Electronics, Percussion<\\/p>\\n<p>Andi Broger: Soprano sax, Alto sax, Tenor sax, Clarinet, Bass clarinet, Flute, Electronics, Percussion<\\/p>\\n<p>Entry to the Workshop is Free.<\\/p>\\n<p>If you are interested in participating in the workshop, kindly email the following details to programmes@conservatoire.co.ke on or before Thursday 5th September 2013:<\\/p>\\n<p>Name: <br \\/> Phone: <br \\/> Email: <br \\/> Instrument:<\\/p>","artReadMore":"<a href=\\"*noticeboard\\/random_control\\/2013-08-27_12:44:01\\">read more<\\/a>"}', '', '2013-08-27 12:00:00', '0000-00-00 00:00:00', 'Random/Control Jazz Workshop', 'noticeboard/random_control/2013-08-27_12:44:01'),
(46, 'content event', 1, '{"evTitle":"&ldquo;Random\\/Control&rdquo; Jazz Concert","evImage":"class=\\"center\\" src=\\"*images\\/events\\/randomcontrolconcert.jpg\\" alt=\\"Random Control Jazz Concert\\" data-fullsrc=\\"*images\\/events\\/randomcontrolconcert.jpg\\"","evDate":"2013-09-09 19:00:00","evVenue":"Michael Joseph Centre","evTickets":"FREE","evDescription":"<p><\\/p><p>In case of queries, please contact:<\\/p>\\r\\n<p>&nbsp;<\\/p>\\r\\n<p>&nbsp;<\\/p>\\r\\n<p>EVERLYNE KIRIMA<\\/p>\\r\\n<p>PROGRAMMES COORDINATOR<\\/p>\\r\\n<p style=\\"margin-bottom: 0.0001pt;\\">Tel: 0720 96 22 88\\/0737 22 79 03 (Monday to Friday 9am  4.30pm only)<\\/p>\\r\\n<p style=\\"margin-bottom: 0.0001pt;\\">Email: programmes@conservatoire.co.ke<\\/p>\\r\\n"}', '', '0000-00-00 00:00:00', '0000-00-00 00:00:00', '&ldquo;Random/Control&rdquo; Jazz Concert', 'calendar/random_control_jazz_concert/2013-09-09_19:00:00'),
(47, 'content event', 1, '{"evTitle":"ABRSM High Scorers Concert","evImage":"class=\\"center\\" src=\\"*images\\/events\\/ABRSM High Scorers Concert.jpg\\" alt=\\"ABRSM High Scorers Concert\\"","evDate":"2013-11-03 15:00:00","evVenue":"Alliance Francaise Auditorium","evTickets":"To be confirmed.","evDescription":"<p>In case of queries, please contact:<\\/p>\\r\\n<p>&nbsp;<\\/p>\\r\\n<p>&nbsp;<\\/p>\\r\\n<p>EVERLYNE KIRIMA<\\/p>\\r\\n<p>PROGRAMMES COORDINATOR<\\/p>\\r\\n<p style=\\"margin-bottom: 0.0001pt;\\">Tel: 0720962288\\/0737227903<\\/p>\\r\\n<p style=\\"margin-bottom: 0.0001pt;\\">Email: programmes@conservatoire.co.ke<\\/p>\\r\\n"}', '', '2013-09-04 19:29:00', '2013-09-04 19:29:00', 'ABRSM High Scorers Concert', 'calendar/abrsm_high_scorers_concert/2013-11-03_15:00:00'),
(48, 'content event', 1, '{"evTitle":"Conservatoire Orchestra Concert","evImage":"class=\\"center\\" src=\\"*images\\/events\\/Conservatoire Orchestra Concert.jpg\\" alt=\\"Conservatoire Orchestra Concert\\"","evDate":"2013-11-17 15:00:00","evVenue":" Braeside Theatre, Muthangari Road","evTickets":"To be confirmed.","evDescription":"<p>In case of queries, please contact:<\\/p>\\r\\n<p>&nbsp;<\\/p>\\r\\n<p>&nbsp;<\\/p>\\r\\n<p>EVERLYNE KIRIMA<\\/p>\\r\\n<p>PROGRAMMES COORDINATOR<\\/p>\\r\\n<p style=\\"margin-bottom: 0.0001pt;\\">Tel: 0720962288\\/0737227903<\\/p>\\r\\n<p style=\\"margin-bottom: 0.0001pt;\\">Email: programmes@conservatoire.co.ke<\\/p>\\r\\n"}', '', '2013-09-04 19:29:00', '2013-09-04 19:29:00', 'Conservatoire Orchestra Concert', 'calendar/conservatoire_orchestra_concert/2013-11-17_15:00:00'),
(49, 'content event', 1, '{"evTitle":"End of Term Concert","evImage":"class=\\"center\\" src=\\"*images\\/events\\/End of Term Concert.jpg\\" alt=\\"End of Term Concert\\"","evDate":"2013-12-08 15:00:00","evVenue":"Braeburn Theatre, Gitanga Road","evTickets":"To be confirmed.","evDescription":"<p>In case of queries, please contact:<\\/p>\\r\\n<p>&nbsp;<\\/p>\\r\\n<p>&nbsp;<\\/p>\\r\\n<p>EVERLYNE KIRIMA<\\/p>\\r\\n<p>PROGRAMMES COORDINATOR<\\/p>\\r\\n<p style=\\"margin-bottom: 0.0001pt;\\">Tel: 0720962288\\/0737227903<\\/p>\\r\\n<p style=\\"margin-bottom: 0.0001pt;\\">Email: programmes@conservatoire.co.ke<\\/p>\\r\\n"}', '', '2013-09-04 19:29:00', '2013-09-04 19:29:00', 'End of Term Concert', 'calendar/end_of_term_concert/2013-12-08_15:00:00'),
(50, 'component seealso', 0, '"<h2 style=\\"text-align: center;\\">See Also<\\/h2>\\r\\n<div><ul><li><a href=\\"/academics/fee_schedule/#other_fees\\">Conservatoire Membership Subscription<\\/a><\\/li><\\/ul><\\/div>"', '', '2013-04-10 00:00:00', '2013-09-04 19:46:00', '', NULL),
(51, 'component content', 0, '"<p>The Kenya Conservatoire of Music offers internationally recognized assessment through a partnership with the Associated Board of the Royal Schools of Music (ABRSM). The Conservatoire is the Kenyan representative for the ABRSM Practical Examinations. Over 1800 candidates enroll for these examinations in various instruments every year.<\\/p><p>The ABRSM route also provides Diploma options for selected subjects such as Conducting, Teaching and Performance. The Diplomas are offered in three levels:<dl><dt>DipABRSM<\\/dt> <dd>Equivalent to Undergraduate Degree Course &ndash; First Year<\\/dd><dt>LRSM<\\/dt><dd>Equivalent to Undergraduate Degree Course &ndash; Fourth Yeat<\\/dd><dt>FRSM<\\/dt><dd>Equivalent to a Masters Degree<\\/dd><\\/dl><p><a target=\\"blank()\\" href=\\"http://www.abrsm.org/\\">Find out More<\\/a><\\/p><h1>Why take a music exam?<\\/h1><p>&lsquo;Enjoyment through achievement&rsquo; is a phrase that sums up our philosophy, and earning an ABRSM certificate is a rewarding experience. If you are working hard to make progress with your music you need some way of recognising your success and reassurance that you are on the right road. This is exactly what music exams offer:<\\/p><ul class=\\"bullets\\"><li>motivation and inspiration, working from a carefully structured syllabus towards a definite goal<\\/li><li>a measure of personal progress and attainment against internationally recognised benchmarks<\\/li><li>an objective guide to improve your musical skills<\\/li><li>assessment by a respected and independent musician who has been highly trained and is constantly monitored<\\/li><li>sympathetic encouragement<\\/li><li>performance opportunities<\\/li><li>a real sense of achievement<\\/li><\\/ul><p>Of course, music exams do not suit everyone and exam syllabuses are not intended to provide a complete curriculum or choice of repertoire to the exclusion of all other music. All performers should explore a wide range of music to stimulate their interest and refresh their outlook.<\\/p><h3>Excerpt from &ldquo;These Music Exams&rdquo; by Clara Taylor<\\/h3><p>Download a Copy of <a href=\\"http://gb.abrsm.org/resources/theseMusicExams0607.pdf\\" target=\\"blank()\\">These Music Exams<\\/a><\\/p>"', '', '2013-09-16 11:02:04', '2013-09-16 11:02:04', '', NULL),
(52, 'component content', 0, '"<div id=\\"noticeboard\\" class=\\"kcmnews\\"><div class=\\"content_separator\\"><h1 class=\\"pageHeading\\"><a href=\\"/noticeboard\\">NoticeBoard<\\/a><\\/h1><\\/div><div id=\\"notice\\"><\\/div><\\/div><div id=\\"newsbulletin\\" class=\\"kcmnews\\"><div class=\\"content_separator\\"><h1 class=\\"pageHeading\\"><a href=\\"/news\\">NewsBulletin<\\/a><\\/h1><\\/div><div id=\\"news\\"><\\/div><\\/div>"', '', '2013-09-16 11:31:37', '2013-09-16 11:31:37', '', NULL),
(53, 'component', 0, '"<h1>COMPOSER TRAINING (PART ONE)<\\/h1>\\n<h3>TUTOR: JIM PYWELL<\\/h3>\\n<p><strong>Minimum Entrance Requirement:<\\/strong> Grade 3 Music Theory Certificate<\\/p>\\n<p><strong>Minimum Age<\\/strong>: 16<\\/p>\\n<p><strong>Dates:<\\/strong> 30<sup>th<\\/sup> September &ndash; 12<sup>th<\\/sup> October 2013<\\/p>\\n<table>\\n<thead>\\n<tr>\\n<td style=\\"text-align: center;\\" colspan=\\"2\\"><strong>Schedule of Classes<\\/strong><\\/td>\\n<\\/tr>\\n<\\/thead>\\n<tbody>\\n<tr>\\n<td>Monday 30<sup>th<\\/sup> Sep<\\/td>\\n<td>5.30pm &ndash; 8.30pm<\\/td>\\n<\\/tr>\\n<tr>\\n<td>Thursday 3<sup>rd<\\/sup> Oct<\\/td>\\n<td>5.30pm &ndash; 8.30pm<\\/td>\\n<\\/tr>\\n<tr>\\n<td>Saturday 5<sup>th<\\/sup> Oct<\\/td>\\n<td>9.00am &ndash; 12noon<\\/td>\\n<\\/tr>\\n<tr>\\n<td>Monday 7<sup>th<\\/sup> Oct<\\/td>\\n<td>5.30pm &ndash; 8.30pm<\\/td>\\n<\\/tr>\\n<tr>\\n<td>Thursday 10<sup>th<\\/sup> Oct<\\/td>\\n<td>5.30pm &ndash; 8.30pm<\\/td>\\n<\\/tr>\\n<tr>\\n<td>Saturday 12<sup>th<\\/sup> Oct<\\/td>\\n<td>9.00am &ndash; 12noon<\\/td>\\n<\\/tr>\\n<\\/tbody>\\n<\\/table>\\n<p><strong>Total Hours of Classes:<\\/strong> 18<br \\/><br \\/><strong>Additional Time Recommended for Assignments:<\\/strong> minimum 10 hours of self-study time<br \\/><br \\/>This course is designed for people who want to start composing their own original music, with the eventual aim of writing for orchestra and other instrumental ensembles. Through listening, group discussions and practical tasks, it will explore techniques for experimentation to open your mind and generate musical ideas, and the craft of the composer including development and structuring of musical material. It will also include a basic introduction to techniques of writing for certain instruments. There will be regular assignments through the course which you&rsquo;ll be expected to present to the other students. Successful students may apply to be part of PART TWO which will run in December and January, and which will include the opportunity for student compositions to be tried out by players from the National Youth Orchestra of Kenya. Although the only entrance requirement is grade 3 music theory, a higher theory grade level and\\/or the ability to play a musical instrument will be to your advantage.<\\/p>\\n<h3>Space is limited to 25 participants<\\/h3>\\n<p><br \\/><strong>CHARGES: &nbsp; &nbsp;<\\/strong> <span style=\\"color: #333333;\\">COMPOSER TRAINING (PART ONE) (18 Hours) &nbsp;&nbsp;&nbsp; Ksh. 4,200\\/-<\\/span><\\/p>\\n<p><strong>About the Tutor:<\\/strong> Jim Pywell<br \\/><br \\/>The Charges include Tuition and Lesson Materials. Completion of the Courses will lead to the award of Individual Certificates and Reports. <br \\/><br \\/>50% Discount on Tuition Fee for Current Students of the Conservatoire who wish to enrol in any of the short courses above.<br \\/><br \\/>Participation in the Composer Training and\\/or Conductor Training courses may lead to the award of Credit and\\/or Exemptions for Undergraduate Music Courses that are offered by Universities affiliated to the Kenya Conservatoire of Music <br \\/><br \\/>Text books that may be required for study may be available at the Conservatoire Library and Bookshop. Library Membership is required for use of the Library.<\\/p>\\n<h1><br \\/>CONDUCTOR TRAINING (BEGINNER LEVEL)<\\/h1>\\n<h2>TUTOR: JIM PYWELL<\\/h2>\\n<p><br \\/><strong>Minimum Entrance Requirement:<\\/strong> Substantial ensemble experience as a singer and\\/or instrumentalist<br \\/><br \\/><strong>Minimum Age:<\\/strong> 16<br \\/><br \\/><strong>Dates:<\\/strong> 1<sup>st<\\/sup> &ndash; 11<sup>th<\\/sup> October 2013<\\/p>\\n<table>\\n<thead>\\n<tr>\\n<td style=\\"text-align: center;\\" colspan=\\"2\\"><strong>Schedule of Classes<\\/strong><\\/td>\\n<\\/tr>\\n<\\/thead>\\n<tbody>\\n<tr>\\n<td>Tuesday 1<sup>st<\\/sup> Oct<\\/td>\\n<td>5.30pm &ndash; 8.30pm<\\/td>\\n<\\/tr>\\n<tr>\\n<td>Friday 4<sup>th<\\/sup> Oct<\\/td>\\n<td>5.30pm &ndash; 8.30pm<\\/td>\\n<\\/tr>\\n<tr>\\n<td>Tuesday 8<sup>th<\\/sup> Oct<\\/td>\\n<td>5.30pm &ndash; 8.30pm<\\/td>\\n<\\/tr>\\n<tr>\\n<td>Friday 11<sup>th<\\/sup> Oct<\\/td>\\n<td>5.30pm &ndash; 8.30pm<\\/td>\\n<\\/tr>\\n<\\/tbody>\\n<\\/table>\\n<p><strong>Total Hours of Classes:<\\/strong> 12<\\/p>\\n<p><strong>Additional Time Recommended for Assignments:<\\/strong> minimum 10 hours of self-study time and\\/or group work time<br \\/><br \\/>This course is designed for people who want to learn some basics about directing an ensemble, which may be vocal, instrumental, or a mixture of both. Through practical sessions, discussions and teamwork assignments, you will develop your practical techniques and also touch on a variety of other skills that are vital to running a musical group, such as planning, management, development of musicianship, self-evaluation, effective communication and presentation. You&rsquo;ll be expected to get together to work on assignments with other students outside of the taught class time.<\\/p>\\n<h3>Space is limited to 25 participants<\\/h3>\\n<p><strong>CHARGES:<\\/strong> &nbsp; &nbsp; <span style=\\"color: #333333;\\">CONDUCTOR TRAINING (BEGINNER LEVEL) (12 Hours)&nbsp;&nbsp;&nbsp; &nbsp;Ksh. 3,200\\/-<\\/span><\\/p>\\n<p><strong>About the Tutor:<\\/strong> Jim Pywell<br \\/><br \\/>The Charges include Tuition and Lesson Materials. Completion of the Courses will lead to the award of Individual Certificates and Reports. <br \\/><br \\/>50% Discount on Tuition Fee for Current Students of the Conservatoire who wish to enrol in any of the short courses above.<br \\/><br \\/>Participation in the Composer Training and\\/or Conductor Training courses may lead to the award of Credit and\\/or Exemptions for Undergraduate Music Courses that are offered by Universities affiliated to the Kenya Conservatoire of Music <br \\/><br \\/>Text books that may be required for study may be available at the Conservatoire Library and Bookshop. Library Membership is required for use of the Library.<br \\/>&nbsp;<\\/p>\\n<h1>CREATIVE MUSICIANSHIP AND IMPROVISATION WORKSHOP<\\/h1>\\n<p><strong>Minimum Entrance Requirement:<\\/strong> at least grade 1 on an instrument or voice, but any grade level welcome<br \\/><br \\/><strong>Minimum Age:<\\/strong> 16<br \\/><br \\/><strong>Dates:<\\/strong> 5<sup>th<\\/sup> &ndash; 12<sup>th<\\/sup> October 2013<\\/p>\\n<table>\\n<thead>\\n<tr>\\n<td style=\\"text-align: center;\\" colspan=\\"2\\"><strong>Schedule of Workshop<\\/strong><\\/td>\\n<\\/tr>\\n<\\/thead>\\n<tbody>\\n<tr>\\n<td>Saturday 5<sup>th<\\/sup> Oct<\\/td>\\n<td>1.30pm &ndash; 4.30pm<\\/td>\\n<\\/tr>\\n<tr>\\n<td>Sunday 6<sup>th<\\/sup> Oct<\\/td>\\n<td>2.00pm &ndash; 5.00pm<\\/td>\\n<\\/tr>\\n<tr>\\n<td>Saturday 12<sup>th<\\/sup> Oct<\\/td>\\n<td>1.30pm &ndash; 4.30pm<\\/td>\\n<\\/tr>\\n<\\/tbody>\\n<\\/table>\\n<p><strong>Total Hours of Workshops:<\\/strong> 9<\\/p>\\n<p><strong>Additional Time Recommended:<\\/strong> minimum 10 hours of personal practice time and\\/or optional group work time<\\/p>\\n<p>This is a practical course for musicians of any level who wish to improve some of their overall musicianship skills. Whether your technical level is only being able to play a few scales and pieces, or whether you are more advanced, there are some things every musician can improve upon. Through a practical series of group workshops, you will have the opportunity to develop your skills in concentration, listening and responding, tone quality and articulation control, rhythmic coordination, dealing with nerves, and playing in tune with others. In combination with some regular practice you can also use the opportunity to gain new confidence, independence and agility on your instrument.<\\/p>\\n<p>Since the course operates most effectively with a mixed and balanced group, places may be limited for certain types of instrument if they are over-subscribed.<\\/p>\\n<h3>Space is limited to 20 participants<\\/h3>\\n<p><strong>Charges:<\\/strong> <span style=\\"color: #333333;\\">CREATIVE MUSICIANSHIP AND IMPROVISATION WORKSHOP (9 Hours)&nbsp;&nbsp; Ksh. 2,800\\/-<\\/span><\\/p>\\n<p><strong>About the Tutor:<\\/strong> Jim Pywell<br \\/><br \\/>The Charges include Tuition and Lesson Materials. Completion of the Courses will lead to the award of Individual Certificates and Reports. <br \\/><br \\/>50% Discount on Tuition Fee for Current Students of the Conservatoire who wish to enrol in any of the short courses above.<br \\/><br \\/>Participation in the Composer Training and\\/or Conductor Training courses may lead to the award of Credit and\\/or Exemptions for Undergraduate Music Courses that are offered by Universities affiliated to the Kenya Conservatoire of Music <br \\/><br \\/>Text books that may be required for study may be available at the Conservatoire Library and Bookshop. Library Membership is required for use of the Library.<br \\/>&nbsp;<\\/p>\\n<h1>CREATIVE MULTICULTURAL MUSIC WORKSHOP<\\/h1>\\n<p><strong>Minimum Entrance Requirement:<\\/strong> at least grade 1 on an instrument or voice, but any grade level welcome. Players of traditional Kenyan instruments especially welcome, no grade level required, but ability to play to at least basic technical level, either improvising or playing known traditional music.<br \\/><br \\/><strong>Minimum Age:<\\/strong> 16<br \\/><br \\/><strong>Dates:<\\/strong> 13<sup>th<\\/sup> &ndash; 15<sup>th<\\/sup> October 2013<\\/p>\\n<table>\\n<thead>\\n<tr>\\n<td style=\\"text-align: center;\\" colspan=\\"2\\"><strong>Schedule of Workshop<\\/strong><\\/td>\\n<\\/tr>\\n<\\/thead>\\n<tbody>\\n<tr>\\n<td>Sunday 13<sup>th<\\/sup> Oct<\\/td>\\n<td>2.00pm &ndash; 5.00pm<\\/td>\\n<\\/tr>\\n<tr>\\n<td>Monday 14<sup>th<\\/sup> Oct<\\/td>\\n<td>5.30pm &ndash; 8.30pm<\\/td>\\n<\\/tr>\\n<tr>\\n<td>Tuesday 15<sup>th<\\/sup> Oct<\\/td>\\n<td>5.30pm &ndash; 8.30pm<\\/td>\\n<\\/tr>\\n<\\/tbody>\\n<\\/table>\\n<p>Total Hours of Workshops: 9<br \\/><br \\/>Additional Time Recommended: minimum 10 hours of personal practice time and\\/or optional group work time<br \\/><br \\/>This course is designed to explore new ground in creating music that crosses the boundaries between Western classical and traditional Kenyan music. It will consist of practical sessions involving experimental group work, listening and discussions, modelled initially on methods used by the group Kachumbari Seven several years ago. At the end of the course there may be an opportunity to showcase results or ideas-in-progress by inviting a small audience to the final session.<\\/p>\\n<h3>Space is limited to 20 participants<\\/h3>\\n<p><strong>Charges:<\\/strong> <span style=\\"color: #333333;\\">CREATIVE MULTICULTURAL MUSIC WORKSHOP&nbsp;&nbsp;&nbsp; &nbsp;(9 Hours) Ksh. 2,800\\/-<\\/span><br \\/><br \\/><strong>About the Tutor:<\\/strong> Jim Pywell<br \\/><br \\/>The Charges include Tuition and Lesson Materials. Completion of the Courses will lead to the award of Individual Certificates and Reports. <br \\/><br \\/>50% Discount on Tuition Fee for Current Students of the Conservatoire who wish to enrol in any of the short courses above.<br \\/><br \\/>Participation in the Composer Training and\\/or Conductor Training courses may lead to the award of Credit and\\/or Exemptions for Undergraduate Music Courses that are offered by Universities affiliated to the Kenya Conservatoire of Music <br \\/><br \\/>Text books that may be required for study may be available at the Conservatoire Library and Bookshop. Library Membership is required for use of the Library.<\\/p>\\n<h1>NEW PROGRAMS AND COURSES COMING SOON TO THE CONSERVATOIRE<\\/h1>\\n<h3>COMPOSER TRAINING (PART TWO)<\\/h3>\\n<h3>CONDUCTOR TRAINING (INTERMEDIATE LEVEL)<\\/h3>\\n<h3>SING OUT! CHORAL TRAINING PROGRAM<\\/h3>\\n<p>Subscribe to our mailing list to receive updates on new courses, programs and upcoming events at the Kenya Conservatoire of Music<br \\/>&nbsp;<br \\/><br \\/><\\/p>"', '', '2012-11-29 06:35:09', '2012-11-29 06:35:09', 'short courses', NULL),
(54, 'component', 0, '"<h2>Christine Wambui, MA Music<\\/h2>\\n<p>Voice, Piano, African Percussion<\\/p>\\n<h2>Corrine Towett, BMus, DipABRSM<\\/h2>\\n<p>Piano (Classical and Jazz), Voice, Violin, Guitar<\\/p>\\n<h2>Cynthia Mungai, BMus, DipABRSM<\\/h2>\\n<p>Piano, Violin<\\/p>\\n<h2>George Mwangi<\\/h2>\\n<p>Guitar, Saxophone, Clarinet<\\/p>\\n<h2>Hannah Mbeche<\\/h2>\\n<p>Piano, Voice, Music Theory<\\/p>\\n<h2>Manasseh Uzele<\\/h2>\\n<p>Guitar (Classical, Acoustic and Bass), Double Bass<\\/p>\\n<h2>Michael Olatunji, BMus<\\/h2>\\n<p>Saxophone, Clarinet, Flute, Jazz Theory<\\/p>\\n<h2>John Torome<\\/h2>\\n<p>Guitar, Music Theory<\\/p>\\n<h2>Catherine Karuri<\\/h2>\\n<p>Double bass, Cello<\\/p>\\n<h2>Geoffrey Mukoto, LRSM<\\/h2>\\n<p>Piano, Voice, Music Composition, Music Theory<\\/p>\\n<h2>Wangu Mutuku<\\/h2>\\n<p>Piano, Violin<\\/p>\\n<h2>Semu Abwolikiyonga, MA Music<\\/h2>\\n<p>Piano, Saxophone, Clarinet, Music Theory and Aurals<\\/p>\\n<h2>Mercy Wambugu<\\/h2>\\n<p>Piano, Voice<\\/p>\\n<h2>Christine Kamau<\\/h2>\\n<p>Piano, Saxophone, Trumpet<\\/p>\\n<h2>Jacinta Mulaku, DipABRSM<\\/h2>\\n<p>Piano, Voice, Flute<\\/p>\\n<h2>Nancy Day, MEd. Music, DipABRSM<\\/h2>\\n<p>Voice, Piano, Music Composition, Music Theory<\\/p>\\n<h2>Sarah Shitandi, MA Music<\\/h2>\\n<p>Voice, Piano, Flute<\\/p>\\n<h2>Wandiri Karimi<\\/h2>\\n<p>Guitar<\\/p>\\n<h2>Charles Kimenyi<\\/h2>\\n<p>Guitar, Drum kit, Piano, Cello, Ensembles<\\/p>\\n<h2>Nyakio Munyinyi, BMus<\\/h2>\\n<p>Drum kit, Recorder, Piano<\\/p>\\n<h2>Dan Mwai<\\/h2>\\n<p>Piano, Violin<\\/p>\\n<h2>Simon Kariuki<\\/h2>\\n<p>Piano, Cello<\\/p>\\n<h2>Joseph Chege<\\/h2>\\n<p>Piano, Trombone<\\/p>\\n<h2>Eliazaro Otieno<\\/h2>\\n<p>Piano<\\/p>"', '', '2012-11-29 06:35:09', '2012-11-29 06:35:09', 'Teaching staff and faculty', NULL);

-- --------------------------------------------------------

--
-- Table structure for table `file_source`
--

CREATE TABLE IF NOT EXISTS `file_source` (
  `id` int(11) NOT NULL AUTO_INCREMENT,
  `url` text NOT NULL,
  `type` smallint(6) NOT NULL,
  `file_name` varchar(255) NOT NULL,
  `is_external` tinyint(4) NOT NULL DEFAULT '0',
  PRIMARY KEY (`id`)
) ENGINE=InnoDB  DEFAULT CHARSET=latin1 AUTO_INCREMENT=20 ;

--
-- Dumping data for table `file_source`
--

INSERT INTO `file_source` (`id`, `url`, `type`, `file_name`, `is_external`) VALUES
(1, 'template/', 1, 'event', 0),
(2, 'kcm/', 2, 'conserv', 0),
(3, 'kcm/', 4, 'conserv', 0),
(4, 'template/', 2, 'events', 0),
(5, 'template/', 2, 'profiler', 0),
(6, 'system/', 5, 'favicon', 0),
(7, 'template/', 4, 'tools', 0),
(8, 'template/', 1, 'banner', 0),
(10, 'template/', 1, 'calendar', 0),
(12, 'template/', 1, 'intro_article', 0),
(14, 'template/', 1, 'daily_events', 0),
(18, 'template/', 1, 'article_summary', 0),
(19, 'template/', 2, 'slides', 0);

-- --------------------------------------------------------

--
-- Table structure for table `media`
--

CREATE TABLE IF NOT EXISTS `media` (
  `id` int(11) NOT NULL AUTO_INCREMENT,
  `url` varchar(256) NOT NULL DEFAULT 'images/kcm/',
  `name` text NOT NULL,
  `type` tinyint(4) NOT NULL DEFAULT '1' COMMENT '1-images, 2-icons, ',
  PRIMARY KEY (`id`)
) ENGINE=InnoDB  DEFAULT CHARSET=latin1 AUTO_INCREMENT=6 ;

--
-- Dumping data for table `media`
--

INSERT INTO `media` (`id`, `url`, `name`, `type`) VALUES
(1, 'images/banner/', '', 1),
(2, 'images/banner/', '', 1),
(3, 'images/banner/', 'kcm_orchestra.jpg', 1),
(4, 'images/banner/', 'banner.png', 1),
(5, 'images/banner/', 'alchemy_group.jpg', 1);

-- --------------------------------------------------------

--
-- Table structure for table `media_parent`
--

CREATE TABLE IF NOT EXISTS `media_parent` (
  `id` int(11) NOT NULL AUTO_INCREMENT,
  `media_id` int(11) NOT NULL,
  `parent_id` int(11) NOT NULL,
  `parent_type` tinyint(4) NOT NULL DEFAULT '1' COMMENT '1-page, 2-component',
  PRIMARY KEY (`id`),
  KEY `media_id` (`media_id`,`parent_id`)
) ENGINE=InnoDB  DEFAULT CHARSET=latin1 AUTO_INCREMENT=12 ;

--
-- Dumping data for table `media_parent`
--

INSERT INTO `media_parent` (`id`, `media_id`, `parent_id`, `parent_type`) VALUES
(1, 4, 5, 1),
(3, 3, 7, 1),
(4, 4, 8, 1),
(5, 3, 8, 1),
(8, 4, 11, 1),
(9, 4, 19, 1),
(10, 3, 20, 1),
(11, 5, 47, 1);

-- --------------------------------------------------------

--
-- Table structure for table `page`
--

CREATE TABLE IF NOT EXISTS `page` (
  `id` int(11) NOT NULL AUTO_INCREMENT,
  `url` text NOT NULL,
  `heading` varchar(256) NOT NULL DEFAULT 'Page Heading',
  `description` longtext NOT NULL,
  `menu_group` smallint(6) NOT NULL DEFAULT '1',
  `menu_level` smallint(6) NOT NULL DEFAULT '0',
  `menu_position` smallint(6) NOT NULL DEFAULT '1',
  `menu_parent` int(11) NOT NULL,
  `status` tinyint(4) NOT NULL DEFAULT '1',
  `show_menu` tinyint(4) NOT NULL DEFAULT '1',
  `show_sidebar` tinyint(4) NOT NULL DEFAULT '1',
  `show_only_content` tinyint(4) NOT NULL DEFAULT '0',
  PRIMARY KEY (`id`)
) ENGINE=InnoDB  DEFAULT CHARSET=latin1 AUTO_INCREMENT=54 ;

--
-- Dumping data for table `page`
--

INSERT INTO `page` (`id`, `url`, `heading`, `description`, `menu_group`, `menu_level`, `menu_position`, `menu_parent`, `status`, `show_menu`, `show_sidebar`, `show_only_content`) VALUES
(1, 'academics/departments/ethnomusicology', 'Ethnomusicology', 'Ethnomusicology', 1, 2, 2, 7, 1, 1, 1, 0),
(2, 'academics/departments/percussion', 'Percussion Instruments', 'Percussion Instruments', 1, 2, 10, 7, 1, 1, 1, 0),
(3, 'academics/departments/pedagogy', 'Music Pedagogy', 'Music Pedagogy', 1, 2, 7, 7, 1, 1, 1, 0),
(4, 'academics/departments/string', 'String Instruments', 'String Instruments', 1, 2, 12, 7, 1, 1, 1, 0),
(5, '', 'The Kenya Conservatoire of Music', 'Home', 1, 0, 1, 0, 1, 0, 1, 0),
(6, 'faculty_and_staff', 'Teaching Staff and Faculty', 'Teaching Staff and Faculty', 1, 0, 3, 0, 1, 1, 0, 1),
(7, 'academics/departments', 'Departments and Curricula', 'Departments & Curricula', 1, 1, 2, 48, 1, 1, 1, 0),
(8, 'orchestra', 'KCM Orchestra', 'The Orchestra', 1, 0, 5, 0, 1, 1, 0, 1),
(9, 'facilities', 'Facilities', 'Facilities', 1, 0, 4, 0, 1, 1, 1, 0),
(10, 'facilities/cultural_centre', 'Conservatiore at The Kenya Cultural Centre', 'Kenya Cultural Centre', 1, 1, 1, 9, 1, 1, 1, 0),
(11, 'facilities/godown', 'Conservatiore at The GoDown Arts Centre', 'Go Down Arts Centre', 1, 1, 2, 9, 1, 1, 1, 0),
(12, 'about', 'About the Conservatoire', 'About Us', 1, 0, 8, 0, 1, 1, 0, 1),
(13, 'news', 'News', 'News', 3, 0, 0, 0, 1, 1, 0, 1),
(14, 'contact_us', 'Contact Us', 'Contact Us', 1, 0, 10, 0, 1, 1, 0, 1),
(15, 'noticeboard', 'NoticeBoard', 'NoticeBoard', 3, 0, 0, 0, 1, 1, 0, 1),
(16, 'faqs', 'Frequently Asked Questions', 'FAQs', 1, 0, 9, 0, 1, 1, 1, 0),
(17, 'sitemap', 'Sitemap', 'Site Map', 2, 0, 5, 0, 1, 1, 0, 1),
(18, 'media_gallery', 'Gallery', 'Gallery', 1, 0, 7, 0, 1, 1, 1, 0),
(19, 'event_calendar', 'Event''s Calendar', 'Event''s Calendar', 0, 0, 0, 0, 0, 1, 0, 1),
(20, 'academics/departments/singing', 'Singing', 'Singing', 1, 2, 11, 7, 1, 1, 1, 0),
(21, 'academics/departments/wind', 'Wind Instruments', 'Wind Instruments', 1, 2, 13, 7, 1, 1, 1, 0),
(22, 'news', 'News', 'News', 3, 0, 1, 0, 0, 0, 0, 1),
(23, 'academics/departments/jazz', 'Jazz Subjects', 'Jazz Subjects', 1, 2, 3, 7, 1, 1, 1, 0),
(24, 'academics/departments/keyboard', 'Keyboard Instruments', 'Keyboard Instruments', 1, 2, 4, 7, 1, 1, 1, 0),
(25, 'academics/departments/theory', 'Music History and Theory', 'Music History and Theory', 1, 2, 6, 7, 1, 1, 1, 0),
(26, 'academics/departments/musicianship', 'Musicianship', 'Musicianship', 1, 2, 5, 7, 1, 1, 1, 0),
(27, 'academics/departments/music_technology', 'Music Technology', 'Music Technology', 1, 2, 8, 7, 1, 1, 1, 0),
(28, 'academics/departments/theatre', 'Musical Theatre', 'Musical Theatre', 1, 2, 9, 7, 1, 1, 1, 0),
(29, 'academics/departments/conducting', 'Conducting', 'Conducting', 1, 2, 1, 7, 1, 1, 1, 0),
(30, 'academics/curriculum', 'Curriculum', 'Curriculum', 1, 1, 1, 48, 0, 1, 0, 1),
(31, 'academics/fee_schedule/tuition_fees', 'Tuition Fees', 'Tuition Fees', 1, 2, 1, 45, 0, 1, 0, 1),
(32, 'academics/fee_schedule/other_fees', 'Other Fees', 'Other Fees', 1, 2, 2, 45, 0, 1, 0, 1),
(33, 'term_dates', 'Term Dates', 'Term Dates', 2, 5, 1, 0, 1, 1, 0, 1),
(34, 'soul', 'SOUL Kenya', 'Singers of United Lands Kenya Tour', 0, 0, 0, 0, 1, 1, 0, 1),
(35, 'soul_itinerary', 'SOUL Itinerary', 'SOUL Itinerary', 0, 0, 0, 0, 1, 1, 0, 1),
(36, 'departments/percussion/drum_set', 'Drum Set', 'Drum Set', 1, 2, 1, 2, 0, 1, 1, 0),
(37, 'departments/percussion/orchestral', 'Orchestral Percussion', 'Orchestral Percussion', 1, 2, 1, 2, 0, 1, 1, 0),
(38, 'departments/kenyan_indigenous/strings', 'String Instruments', 'String Instruments', 1, 2, 1, 29, 0, 1, 1, 0),
(39, 'departments/kenyan_indigenous/winds', 'Wind Instruments', 'Wind Instruments', 1, 2, 3, 29, 0, 1, 1, 0),
(40, 'departments/kenyan_indigenous/percussion', 'Percussion Instruments', 'Percussion Instruments', 1, 2, 2, 29, 0, 1, 1, 0),
(41, 'departments/ensembles/violin', 'Violin Ensemble', 'Group Violin', 1, 2, 2, 26, 0, 1, 1, 0),
(42, 'departments/ensembles/guitar', 'Guitar Ensemble', 'Group Guitar', 1, 2, 1, 26, 0, 1, 1, 0),
(43, 'departments/ensembles/choral', 'Choral Ensemble', 'Choral Ensemble', 1, 2, 3, 26, 0, 1, 1, 0),
(44, 'departments/ensembles/jazz', 'Jazz Ensemble', 'Jazz Ensemble', 1, 2, 4, 26, 0, 1, 1, 0),
(45, 'academics/fee_schedule', 'Schedule of Fees', 'Fee Schedule', 1, 1, 3, 48, 1, 1, 0, 1),
(46, 'at_a_glance', 'At a Glance', 'At a Glance', 3, 0, 0, 0, 1, 1, 0, 1),
(47, 'calendar', 'Calendar', 'Calendar', 1, 0, 6, 0, 1, 1, 0, 1),
(48, 'courses_and_programmes', 'Courses and Programmes', 'Courses and Programmes', 1, 0, 2, 0, 1, 1, 0, 0),
(49, 'acknowledgements', 'Acknowledgements', 'Acknowledgements', 2, 0, 1, 0, 1, 1, 0, 1),
(50, 'terms_and_conditions', 'Terms and Conditions', 'Terms and Conditions', 2, 0, 1, 0, 1, 1, 0, 1),
(51, 'academics/departments/string/plucked', 'Plucked Strings', 'Plucked Strings', 0, 2, 12, 7, 1, 0, 0, 1),
(52, 'library', 'Library', 'Library', 1, 0, 11, 0, 0, 1, 0, 1),
(53, 'abrsm', 'ABRSM Exams', 'ABRSM Exams', 1, 0, 12, 0, 1, 1, 1, 0);

-- --------------------------------------------------------

--
-- Table structure for table `page_file_source`
--

CREATE TABLE IF NOT EXISTS `page_file_source` (
  `id` int(11) NOT NULL AUTO_INCREMENT,
  `page_id` int(11) NOT NULL,
  `file_source_id` int(11) NOT NULL,
  `position` tinyint(4) NOT NULL DEFAULT '1',
  PRIMARY KEY (`id`),
  KEY `page_id` (`page_id`,`file_source_id`)
) ENGINE=InnoDB  DEFAULT CHARSET=latin1 AUTO_INCREMENT=84 ;

--
-- Dumping data for table `page_file_source`
--

INSERT INTO `page_file_source` (`id`, `page_id`, `file_source_id`, `position`) VALUES
(3, 5, 6, 0),
(8, 1, 6, 0),
(9, 1, 7, 1),
(12, 2, 6, 0),
(13, 2, 7, 1),
(16, 3, 6, 0),
(17, 3, 7, 1),
(20, 4, 6, 0),
(21, 4, 7, 1),
(24, 6, 6, 0),
(25, 6, 7, 1),
(28, 7, 6, 0),
(29, 7, 7, 1),
(32, 8, 6, 0),
(33, 8, 7, 1),
(36, 9, 6, 0),
(37, 9, 7, 1),
(40, 10, 6, 0),
(41, 10, 7, 1),
(44, 11, 6, 0),
(45, 11, 7, 1),
(48, 12, 6, 0),
(49, 12, 7, 1),
(52, 13, 6, 0),
(53, 13, 7, 1),
(56, 14, 6, 0),
(57, 14, 7, 1),
(60, 15, 6, 0),
(61, 15, 7, 1),
(64, 16, 6, 0),
(65, 16, 7, 1),
(68, 17, 6, 0),
(69, 17, 7, 1),
(72, 18, 6, 0),
(73, 18, 7, 1),
(75, 34, 4, 1),
(80, 22, 4, 1),
(81, 22, 6, 0),
(82, 22, 7, 1),
(83, 5, 19, 0);

-- --------------------------------------------------------

--
-- Table structure for table `scheduler`
--

CREATE TABLE IF NOT EXISTS `scheduler` (
  `id` int(11) NOT NULL AUTO_INCREMENT,
  `date` datetime NOT NULL,
  `description` varchar(256) NOT NULL,
  `has_component_link` tinyint(4) NOT NULL DEFAULT '1',
  `status` tinyint(4) NOT NULL DEFAULT '1',
  PRIMARY KEY (`id`)
) ENGINE=InnoDB  DEFAULT CHARSET=latin1 AUTO_INCREMENT=49 ;

--
-- Dumping data for table `scheduler`
--

INSERT INTO `scheduler` (`id`, `date`, `description`, `has_component_link`, `status`) VALUES
(1, '2013-01-22 15:00:00', '21', 1, 1),
(7, '2013-01-22 15:00:00', '15', 1, 0),
(8, '2012-11-05 07:20:00', '15', 1, 0),
(9, '2013-03-24 15:30:00', '1', 1, 1),
(10, '2013-01-07 08:00:00', 'Term 1 Starts', 0, 1),
(11, '2013-01-31 16:30:00', 'ABRSM Practical Examination Entry Deadline', 0, 1),
(12, '2013-02-26 08:00:00', 'ABRSM Theory Examinations', 0, 1),
(13, '2013-03-04 00:00:00', 'Mid-Term Break Begins', 0, 1),
(14, '2013-03-09 00:00:00', 'Mid-Term Break Ends', 0, 1),
(15, '2013-03-10 00:00:00', 'Orchestra Concert', 0, 0),
(16, '2013-03-29 00:00:00', 'Easter Break Begins', 0, 1),
(17, '2013-04-01 00:00:00', 'Easter Break Ends', 0, 1),
(18, '2013-04-13 00:00:00', 'Term 1 Ends', 0, 1),
(19, '2013-04-14 15:00:00', '25', 1, 1),
(20, '2013-04-22 00:00:00', 'Term 2 Starts', 0, 1),
(21, '2013-04-22 00:00:00', 'Singers of United Lands (SOUL) Tour Begins', 0, 1),
(22, '2013-05-17 00:00:00', 'Singers of United Lands (SOUL) Tour Ends', 0, 1),
(23, '2013-05-01 00:00:00', 'ABRSM Practical Examinations Session Starts', 0, 1),
(24, '2013-07-20 00:00:00', 'ABRSM Practical Examinations Session Ends', 0, 1),
(25, '2013-06-02 18:30:00', '31', 1, 1),
(26, '2013-05-27 00:00:00', 'Mid-Term Break Begins', 0, 1),
(27, '2013-06-01 00:00:00', 'Mid-Term Break Ends', 0, 1),
(28, '2013-07-20 00:00:00', 'Term 2 Ends', 0, 1),
(29, '2013-07-20 19:00:00', '33', 1, 1),
(30, '2013-07-29 00:00:00', 'Orchestra Tour Begins', 0, 1),
(31, '2013-08-04 00:00:00', 'Orchestra Tour Ends', 0, 1),
(32, '2013-04-13 00:00:00', 'ABRSM Theory Examinations', 0, 0),
(33, '2013-09-02 00:00:00', 'Term 3 Starts', 0, 1),
(34, '2013-10-14 00:00:00', 'Mid-Term Break Begins', 0, 1),
(35, '2013-10-19 00:00:00', 'Mid-Term Break Ends', 0, 1),
(36, '2013-11-03 15:00:00', '47', 1, 1),
(37, '2013-11-17 15:00:00', '48', 1, 1),
(38, '2013-11-30 00:00:00', 'Term 3 Ends', 0, 1),
(39, '2013-12-08 15:00:00', '49', 1, 1),
(40, '2013-12-09 00:00:00', '2013 Musical Ends', 0, 0),
(41, '2013-03-17 15:00:00', '22', 1, 1),
(42, '2013-08-02 19:00:00', '35', 1, 1),
(43, '2013-08-03 18:00:00', '36', 1, 1),
(44, '2013-07-31 19:00:00', '34', 1, 1),
(45, '2013-07-21 15:00:00', '37', 1, 1),
(46, '2013-07-28 15:00:00', '44', 1, 1),
(47, '2013-09-09 19:00:00', '46', 1, 1),
(48, '2013-10-09 00:00:00', 'ABRSM Theory Examinations', 0, 1);

-- --------------------------------------------------------

--
-- Table structure for table `section`
--

CREATE TABLE IF NOT EXISTS `section` (
  `id` int(11) NOT NULL AUTO_INCREMENT,
  `name` varchar(100) NOT NULL,
  `url` text NOT NULL,
  PRIMARY KEY (`id`)
) ENGINE=InnoDB  DEFAULT CHARSET=latin1 AUTO_INCREMENT=10 ;

--
-- Dumping data for table `section`
--

INSERT INTO `section` (`id`, `name`, `url`) VALUES
(1, 'centerContent', 'body'),
(2, 'sidebarContent', 'body'),
(3, 'bannerSlideShow', 'header'),
(4, 'advertContent', 'body'),
(5, 'thinHeaderRight', 'header'),
(6, 'footerRibbon', 'footer'),
(7, 'footerPrimary', 'footer'),
(8, 'noticeboard', 'body'),
(9, 'news', 'body');

-- --------------------------------------------------------

--
-- Table structure for table `section_component`
--

CREATE TABLE IF NOT EXISTS `section_component` (
  `id` int(11) NOT NULL AUTO_INCREMENT,
  `page_id` int(11) NOT NULL,
  `section_id` int(11) NOT NULL DEFAULT '1',
  `component_id` int(11) NOT NULL,
  `position` smallint(6) NOT NULL,
  `is_active` tinyint(4) NOT NULL DEFAULT '1',
  PRIMARY KEY (`id`),
  KEY `section_id` (`page_id`,`component_id`),
  KEY `section_id_2` (`section_id`)
) ENGINE=InnoDB  DEFAULT CHARSET=latin1 AUTO_INCREMENT=58 ;

--
-- Dumping data for table `section_component`
--

INSERT INTO `section_component` (`id`, `page_id`, `section_id`, `component_id`, `position`, `is_active`) VALUES
(1, 5, 1, 52, 1, 0),
(2, 5, 2, 10, 1, 1),
(3, 12, 1, 2, 1, 1),
(4, 15, 1, 11, 2, 1),
(5, 15, 1, 13, 2, 0),
(6, 13, 1, 12, 1, 1),
(7, 13, 1, 14, 2, 1),
(8, 14, 1, 3, 1, 1),
(9, 8, 1, 4, 1, 1),
(10, 3, 1, 6, 2, 0),
(11, 9, 1, 17, 1, 1),
(12, 13, 1, 11, 1, 0),
(13, 12, 1, 20, 2, 1),
(14, 13, 1, 13, 2, 0),
(15, 12, 1, 14, 2, 0),
(16, 14, 1, 16, 1, 0),
(17, 45, 1, 18, 1, 1),
(18, 5, 4, 38, 2, 0),
(19, 48, 1, 53, 1, 1),
(20, 1, 1, 6, 1, 1),
(21, 2, 1, 6, 1, 1),
(22, 3, 1, 23, 1, 1),
(23, 4, 1, 7, 1, 1),
(24, 6, 1, 41, 2, 0),
(25, 7, 1, 6, 1, 1),
(26, 10, 1, 6, 1, 1),
(27, 11, 1, 21, 1, 1),
(28, 16, 1, 9, 1, 1),
(29, 18, 1, 6, 1, 1),
(30, 20, 1, 6, 1, 0),
(31, 21, 1, 6, 1, 1),
(32, 23, 1, 6, 1, 1),
(33, 24, 1, 24, 1, 1),
(34, 25, 1, 6, 1, 1),
(35, 26, 1, 6, 1, 1),
(36, 27, 1, 6, 1, 1),
(37, 28, 1, 6, 1, 1),
(38, 29, 1, 6, 1, 1),
(39, 31, 1, 6, 1, 1),
(40, 32, 1, 6, 1, 1),
(41, 34, 1, 28, 1, 1),
(42, 34, 1, 26, 2, 0),
(43, 17, 1, 6, 1, 1),
(44, 46, 1, 8, 1, 1),
(45, 49, 1, 6, 1, 1),
(46, 50, 1, 6, 1, 1),
(47, 5, 2, 27, 2, 0),
(48, 35, 1, 29, 2, 1),
(49, 5, 2, 30, 3, 1),
(50, 20, 1, 32, 1, 1),
(51, 6, 1, 40, 1, 0),
(52, 6, 1, 54, 3, 1),
(53, 51, 1, 39, 1, 1),
(54, 5, 3, 43, 1, 1),
(55, 15, 1, 45, 1, 1),
(56, 5, 2, 50, 3, 1),
(57, 53, 1, 51, 1, 1);

-- --------------------------------------------------------

--
-- Table structure for table `staff`
--

CREATE TABLE IF NOT EXISTS `staff` (
  `id` int(11) NOT NULL AUTO_INCREMENT,
  `fname` varchar(50) NOT NULL,
  `mname` varchar(50) NOT NULL,
  `sname` varchar(50) NOT NULL,
  `sex` varchar(1) NOT NULL,
  `nationalid` int(8) NOT NULL,
  `dob` date NOT NULL,
  `personal_email` varchar(256) NOT NULL,
  `academic_qualifications` text NOT NULL,
  PRIMARY KEY (`id`),
  KEY `nationalid` (`nationalid`)
) ENGINE=InnoDB  DEFAULT CHARSET=latin1 AUTO_INCREMENT=29 ;

--
-- Dumping data for table `staff`
--

INSERT INTO `staff` (`id`, `fname`, `mname`, `sname`, `sex`, `nationalid`, `dob`, `personal_email`, `academic_qualifications`) VALUES
(1, 'Cynthia', '', 'Mungai', 'f', 0, '0000-00-00', '', ''),
(2, 'Corrine', '', 'Towett', 'f', 0, '0000-00-00', '', ''),
(3, 'Hannah', '', 'Mbeche', 'f', 0, '0000-00-00', '', ''),
(4, 'Christine', '', 'Wambui', 'f', 0, '0000-00-00', '', ''),
(5, 'Sarah', '', 'Shitandi', 'f', 0, '0000-00-00', '', ''),
(6, 'Michael', '', 'Olatunji', 'm', 0, '0000-00-00', '', ''),
(7, 'Wangu', '', 'Mutuku', 'f', 0, '0000-00-00', '', ''),
(8, 'George', 'Ndirangu', 'Mwangi', 'm', 0, '0000-00-00', '', ''),
(9, 'Manasseh', '', 'Uzele', 'm', 0, '0000-00-00', '', ''),
(10, 'John', '', 'Torome', 'm', 0, '0000-00-00', '', ''),
(11, 'Catherine', '', 'Karuri', 'f', 0, '0000-00-00', '', ''),
(12, 'Geoffrey', '', 'Mukoto', 'm', 0, '0000-00-00', '', ''),
(13, 'Semu', '', 'Abwolikiyonga', 'm', 0, '0000-00-00', '', ''),
(14, 'Mercy', '', 'Wambugu', 'f', 0, '0000-00-00', '', ''),
(15, 'Christine', '', 'Kamau', 'f', 0, '0000-00-00', '', ''),
(16, 'Jacinta', '', 'Mulaku', 'f', 0, '0000-00-00', '', ''),
(17, 'Nancy', 'N. K.', 'Day', 'f', 0, '0000-00-00', '', ''),
(18, 'Donald', 'Ondieki', 'Otoyo', 'm', 0, '0000-00-00', '', ''),
(19, 'Jenny', '', 'Moore', 'f', 0, '0000-00-00', '', ''),
(20, 'Wandiri', '', 'Karimi', 'f', 0, '0000-00-00', '', ''),
(21, 'Fred', '', 'Pessa', 'm', 0, '0000-00-00', '', ''),
(22, 'Charles', '', 'Kimenyi', 'm', 0, '0000-00-00', '', ''),
(23, 'Nyakio', '', 'Munyinyi', 'f', 0, '0000-00-00', '', ''),
(24, 'Dan', '', 'Mwai', 'm', 0, '0000-00-00', '', ''),
(25, 'Simon', '', 'Kariuki', 'm', 0, '0000-00-00', '', ''),
(26, 'Joseph', '', 'Chege', 'm', 0, '0000-00-00', '', ''),
(27, 'Lydia', '', 'Ndwiga', 'f', 0, '0000-00-00', '', ''),
(28, 'Eliazaro', '', 'Otieno', 'm', 0, '0000-00-00', '', '');

-- --------------------------------------------------------

--
-- Table structure for table `staff_jd`
--

CREATE TABLE IF NOT EXISTS `staff_jd` (
  `id` int(11) NOT NULL AUTO_INCREMENT,
  `staff_id` int(11) NOT NULL,
  `department` varchar(256) NOT NULL,
  `rank` tinyint(4) NOT NULL DEFAULT '2',
  `status` tinyint(4) NOT NULL DEFAULT '1',
  PRIMARY KEY (`id`),
  KEY `staff_id` (`staff_id`)
) ENGINE=InnoDB DEFAULT CHARSET=latin1 AUTO_INCREMENT=1 ;

-- --------------------------------------------------------

--
-- Table structure for table `staff_occu`
--

CREATE TABLE IF NOT EXISTS `staff_occu` (
  `id` int(11) NOT NULL AUTO_INCREMENT,
  `staff_id` int(11) NOT NULL,
  `office_number` varchar(256) NOT NULL DEFAULT '12',
  `occupation` varchar(256) NOT NULL,
  `status` tinyint(4) NOT NULL DEFAULT '1',
  `office_email` varchar(256) NOT NULL DEFAULT 'otieno.mwangi@conservatoire.co.ke',
  PRIMARY KEY (`id`),
  KEY `staff_id` (`staff_id`)
) ENGINE=InnoDB  DEFAULT CHARSET=latin1 AUTO_INCREMENT=29 ;

--
-- Dumping data for table `staff_occu`
--

INSERT INTO `staff_occu` (`id`, `staff_id`, `office_number`, `occupation`, `status`, `office_email`) VALUES
(1, 1, '1', 'teacher', 1, 'cynthia.mungai@conservatoire.co.ke'),
(2, 2, '1', 'teacher', 1, 'corrine.towett@conservatoire.co.ke'),
(3, 3, '2', 'teacher', 1, 'hannah.mbeche@conservatoire.co.ke'),
(4, 4, '2', 'teacher', 1, 'christine.wambui@conservatoire.co.ke '),
(5, 5, '0', 'teacher', 1, 'sarah.shitandi@conservatoire.co.ke'),
(6, 6, '3', 'teacher', 1, 'michael.olatunji@conservatoire.co.ke '),
(7, 7, '3', 'teacher', 1, 'wangu.mutuku@conservatoire.co.ke'),
(8, 8, '4', 'teacher', 1, 'george.mwangi@conservatoire.co.ke '),
(9, 9, '5', 'teacher', 1, 'manasseh.uzele@conservatoire.co.ke'),
(10, 10, '5', 'teacher', 1, 'john.torome@conservatoire.co.ke '),
(11, 11, '0', 'teacher', 1, 'catherine.karuri@conservatoire.co.ke'),
(12, 12, '6', 'teacher', 1, 'george.mukoto@conservatoire.co.ke'),
(13, 13, '7', 'teacher', 1, 'semu.abwolikiyonga@conservatoire.co.ke'),
(14, 14, '7', 'teacher', 1, 'mercy.wambugu@conservatoire.co.ke '),
(15, 15, '12', 'teacher', 1, 'christine.kamau@conservatoire.co.ke'),
(16, 16, '8', 'teacher', 1, 'jacinta.mulaku@conservatoire.co.ke'),
(17, 17, '9', 'teacher', 1, 'nancy.day@conservatoire.co.ke'),
(18, 18, '9', 'teacher', 1, 'donald.otoyo@conservatoire.co.ke '),
(19, 19, '9', 'teacher', 1, 'jenny.moore@conservatoire.co.ke'),
(20, 20, '9', 'teacher', 1, 'wandiri.karimi@conservatoire.co.ke '),
(21, 21, '10', 'teacher', 1, 'fred.pessa@conservatoire.co.ke'),
(22, 22, '12', 'teacher', 1, 'charles.kimenyi@conservatoire.co.ke'),
(23, 23, '12', 'teacher', 1, 'nyakio.munyinyi@conservatoire.co.ke'),
(24, 24, 'GoDown', 'teacher', 1, 'dan.mwai@conservatoire.co.ke '),
(25, 25, 'GoDown', 'teacher', 1, 'simon.kariuki@conservatoire.co.ke'),
(26, 26, '0', 'teacher', 1, 'joseph.chege@conservatoire.co.ke'),
(27, 27, '9', 'teacher', 1, 'lydia.ndwiga@conservatoire.co.ke'),
(28, 28, '9', 'teacher', 1, 'eliazaro.otieno@conservatoire.co.ke ');

-- --------------------------------------------------------

--
-- Table structure for table `staff_tel`
--

CREATE TABLE IF NOT EXISTS `staff_tel` (
  `id` int(11) NOT NULL AUTO_INCREMENT,
  `staff_id` int(11) NOT NULL,
  `tel_network` varchar(256) NOT NULL,
  `tel_number` varchar(256) NOT NULL DEFAULT '(+254) 700 000 000',
  `status` tinyint(4) NOT NULL DEFAULT '1',
  PRIMARY KEY (`id`),
  KEY `staff_id` (`staff_id`)
) ENGINE=InnoDB DEFAULT CHARSET=latin1 AUTO_INCREMENT=1 ;

-- --------------------------------------------------------

--
-- Table structure for table `template`
--

CREATE TABLE IF NOT EXISTS `template` (
  `id` int(11) NOT NULL AUTO_INCREMENT,
  `name` varchar(100) NOT NULL,
  `description` longtext NOT NULL,
  `template_value_exception` varchar(100) NOT NULL DEFAULT 'component_plugin_params',
  `param_settings` text NOT NULL,
  PRIMARY KEY (`id`)
) ENGINE=InnoDB  DEFAULT CHARSET=latin1 AUTO_INCREMENT=9 ;

--
-- Dumping data for table `template`
--

INSERT INTO `template` (`id`, `name`, `description`, `template_value_exception`, `param_settings`) VALUES
(1, 'event detailer', 'this plugin is used to give the details of the event. that is the venue, date and time, ticket charges and description of the event.', 'component_plugin_params', '{"evTitle":{"type":"heading","repeats":0},"evImage":{"type":"image","repeats":0},"evDate":{"type":"datetime","repeats":0},"evVenue":{"type":"article","repeats":0,"wordlimit":0},"evTickets":{"type":"article","repeats":0,"wordlimit":0},"evDescription":{"type":"article","repeats":0,"wordlimit":0}}'),
(2, 'staff profiler', 'this plugin is used to give the details of the staff of the company.', 'component_plugin_params', ''),
(3, 'banner slideshow', 'this is the page''s top banner image set that rotates', 'component_plugin_params', ''),
(4, 'calendar', 'events and activities monthly calendar', 'scheduler', '{"monthlyCalendar":{"type":"calendar","repeats":0}}'),
(5, 'intro_article', 'the first article on a page, preferably the home page only', 'component_plugin_', '{"inTitle":{"type":"heading","repeats":0},"inImage":{"type":"image","repeats":0},"inParagraph":{"type":"article","repeats":0,"wordlimit":0}}'),
(6, 'daily events', 'this is a plugin to show the daily events and activities', 'scheduler', '{"deEvents":{"type":"caltoday","repeats":1}}'),
(7, 'news', 'news and notice board', 'component_plugin_params', '{"artTitle":{"type":"heading","repeats":0},"artTime":{"type":"datetime","repeats":0},"artAuthorAnchor":{"type":"article","repeats":0,"wordlimit":0},"artParagraph":{"type":"article","repeats":0,"wordlimit":30},"artReadMore":{"type":"link","repeats":0}}'),
(8, 'calendar event summary', 'the events for the calendar, only the title and date is queried', 'component_plugin_params', '{"evTitle":{"type":"heading","repeats":0},"evDate":{"type":"date","repeats":0}}');

-- --------------------------------------------------------

--
-- Table structure for table `template_file_source`
--

CREATE TABLE IF NOT EXISTS `template_file_source` (
  `id` int(11) NOT NULL AUTO_INCREMENT,
  `template_id` int(11) NOT NULL,
  `file_source_id` int(11) NOT NULL,
  PRIMARY KEY (`id`),
  KEY `plugin_id` (`template_id`,`file_source_id`)
) ENGINE=InnoDB  DEFAULT CHARSET=latin1 AUTO_INCREMENT=15 ;

--
-- Dumping data for table `template_file_source`
--

INSERT INTO `template_file_source` (`id`, `template_id`, `file_source_id`) VALUES
(1, 1, 1),
(14, 1, 4),
(2, 3, 8),
(3, 3, 9),
(6, 5, 12),
(7, 5, 13),
(10, 6, 4),
(11, 6, 7),
(4, 6, 10),
(5, 6, 11),
(8, 6, 14),
(9, 6, 15),
(12, 7, 18),
(13, 7, 19);

-- --------------------------------------------------------

--
-- Table structure for table `template_param`
--

CREATE TABLE IF NOT EXISTS `template_param` (
  `id` int(11) NOT NULL AUTO_INCREMENT,
  `template_id` int(11) NOT NULL,
  `param` varchar(255) NOT NULL,
  PRIMARY KEY (`id`)
) ENGINE=InnoDB  DEFAULT CHARSET=latin1 AUTO_INCREMENT=19 ;

--
-- Dumping data for table `template_param`
--

INSERT INTO `template_param` (`id`, `template_id`, `param`) VALUES
(1, 1, 'evTitle'),
(2, 1, 'evImage'),
(3, 1, 'evTime'),
(4, 1, 'evVenue'),
(5, 1, 'evTickets'),
(6, 1, 'evDescription'),
(7, 3, 'bssImage'),
(8, 4, 'date'),
(9, 4, 'url'),
(10, 5, 'inImage'),
(11, 5, 'inParagraph'),
(12, 5, 'inCaption'),
(13, 5, 'inTitle'),
(14, 6, 'deEvents'),
(15, 7, 'artTitleAnchor'),
(16, 7, 'artTime'),
(17, 7, 'artAuthorAnchor'),
(18, 7, 'artParagraph');